POSTAL_CODE,lon,lat
0200,149.118527,-35.2776999
0221,NA,NA
0800,130.7766611,-12.3932794
0801,NA,NA
0803,NA,NA
0804,NA,NA
0810,130.8677469,-12.3675944
0811,NA,NA
0812,130.9081831,-12.3786651
0813,NA,NA
0814,NA,NA
0815,NA,NA
0820,130.8475181,-12.4264942
0821,NA,NA
0822,131.9196471,-11.8763843
0828,130.9485906,-12.4265049
0829,131.0091482,-12.4522272
0830,131.0192349,-12.3860487
0831,131.0702137,-12.5924482
0832,130.9940148,-12.5147979
0834,131.0293197,-12.5405063
0835,131.0696413,-12.4779013
0836,131.1401349,-12.5476127
0837,131.1803774,-12.8346029
0838,131.0192349,-12.7174085
0839,131.0406631,-12.5188645
0840,130.5533995,-12.1936054
0841,130.9788775,-12.8357379
0845,131.0625213,-13.0785018
0846,131.1401349,-13.1748284
0847,131.8004409,-13.8380256
0850,132.2559685,-14.4253863
0851,NA,NA
0852,133.7908453,-15.5601817
0853,132.374164,-14.5473457
0854,136.3097128,-16.0684461
0860,134.1815176,-19.6573896
0861,134.03069,-18.792242
0862,136.516262,-18.9177993
0870,133.8768733,-23.7018903
0871,133.889866,-23.6922711
0872,131.2808577,-23.5886632
0873,133.8482142,-23.7783845
0874,133.8768733,-23.6450332
0875,133.8338783,-23.6933972
0880,136.7381783,-12.1902862
0881,136.7728064,-12.1855082
0885,136.4224871,-13.8528647
0886,132.8345405,-12.6688351
0906,NA,NA
0907,NA,NA
0909,NA,NA
1001,151.2063895,-33.8767896
1002,NA,NA
1003,NA,NA
1004,NA,NA
1005,NA,NA
1006,NA,NA
1007,NA,NA
1008,153.4149112,-27.9690145
1009,NA,NA
1010,NA,NA
1011,NA,NA
1020,NA,NA
1021,NA,NA
1022,151.2088981,-33.8701248
1023,NA,NA
1025,NA,NA
1026,NA,NA
1027,NA,NA
1028,133.775136,-25.274398
1029,NA,NA
1030,NA,NA
1031,153.415804,-27.968268
1032,NA,NA
1033,NA,NA
1034,NA,NA
1035,153.4163769,-27.9674697
1036,NA,NA
1037,-116.985909,32.8076118
1038,153.4158857,-27.9680815
1039,NA,NA
1040,NA,NA
1041,NA,NA
1042,NA,NA
1043,NA,NA
1044,NA,NA
1045,NA,NA
1046,153.4157425,-27.9686177
1100,144.9192793,-37.6828994
1101,NA,NA
1105,NA,NA
1106,NA,NA
1107,NA,NA
1108,NA,NA
1109,NA,NA
1110,NA,NA
1112,NA,NA
1113,NA,NA
1114,NA,NA
1115,NA,NA
1116,145.1257971,-37.7852775
1117,NA,NA
1118,NA,NA
1119,NA,NA
1120,NA,NA
1121,NA,NA
1122,NA,NA
1123,NA,NA
1124,NA,NA
1125,NA,NA
1126,NA,NA
1127,NA,NA
1128,NA,NA
1129,-116.9858171,32.8096338
1130,NA,NA
1131,NA,NA
1132,NA,NA
1133,NA,NA
1134,NA,NA
1135,NA,NA
1136,NA,NA
1137,NA,NA
1138,NA,NA
1139,NA,NA
1140,NA,NA
1141,NA,NA
1142,NA,NA
1143,145.0257339,-37.8559856
1144,NA,NA
1145,-77.0380351,38.90516059999999
1146,-116.9867369,32.8100737
1147,-116.986093,32.8100189
1148,150.902838,-34.30903000000001
1149,NA,NA
1150,NA,NA
1151,153.1025019,-27.5038862
1152,115.8448,-31.9493
1153,NA,NA
1154,-116.9867599,32.81029290000001
1155,NA,NA
1156,NA,NA
1157,NA,NA
1158,NA,NA
1159,NA,NA
1160,145.0259703,-37.8563111
1161,NA,NA
1162,NA,NA
1163,NA,NA
1164,NA,NA
1165,NA,NA
1166,NA,NA
1167,NA,NA
1168,NA,NA
1169,NA,NA
1170,NA,NA
1171,NA,NA
1172,NA,NA
1173,NA,NA
1174,NA,NA
1175,133.775136,-25.274398
1176,NA,NA
1177,NA,NA
1178,NA,NA
1179,NA,NA
1180,NA,NA
1181,NA,NA
1182,NA,NA
1183,NA,NA
1184,NA,NA
1185,NA,NA
1186,NA,NA
1187,NA,NA
1188,NA,NA
1189,NA,NA
1190,NA,NA
1191,138.7446739,-34.95599929999999
1192,NA,NA
1193,NA,NA
1194,NA,NA
1195,NA,NA
1196,NA,NA
1197,NA,NA
1198,NA,NA
1199,NA,NA
1200,NA,NA
1201,NA,NA
1202,NA,NA
1203,NA,NA
1204,NA,NA
1205,NA,NA
1206,NA,NA
1207,NA,NA
1208,NA,NA
1209,NA,NA
1210,NA,NA
1211,NA,NA
1212,NA,NA
1213,NA,NA
1214,NA,NA
1215,151.2077472,-33.8650889
1216,NA,NA
1217,NA,NA
1218,NA,NA
1219,NA,NA
1220,NA,NA
1221,NA,NA
1222,NA,NA
1223,NA,NA
1224,NA,NA
1225,151.2093339,-33.8639365
1226,NA,NA
1227,NA,NA
1228,NA,NA
1229,NA,NA
1230,NA,NA
1231,NA,NA
1232,NA,NA
1233,NA,NA
1234,NA,NA
1235,NA,NA
1236,NA,NA
1237,NA,NA
1238,NA,NA
1239,NA,NA
1240,NA,NA
1291,NA,NA
1292,NA,NA
1293,NA,NA
1294,NA,NA
1295,NA,NA
1296,-116.9854491,32.8137611
1297,NA,NA
1298,NA,NA
1299,NA,NA
1300,NA,NA
1311,NA,NA
1312,NA,NA
1313,NA,NA
1314,NA,NA
1315,NA,NA
1316,NA,NA
1317,NA,NA
1318,NA,NA
1319,NA,NA
1320,NA,NA
1321,NA,NA
1322,NA,NA
1323,NA,NA
1324,NA,NA
1325,NA,NA
1326,NA,NA
1327,NA,NA
1328,NA,NA
1329,NA,NA
1330,NA,NA
1331,NA,NA
1332,NA,NA
1333,NA,NA
1334,NA,NA
1335,NA,NA
1340,NA,NA
1350,NA,NA
1355,151.251105,-33.8889773
1360,NA,NA
1391,NA,NA
1401,NA,NA
1416,NA,NA
1419,NA,NA
1420,NA,NA
1421,NA,NA
1422,NA,NA
1423,NA,NA
1424,NA,NA
1425,NA,NA
1426,NA,NA
1427,NA,NA
1428,NA,NA
1429,NA,NA
1430,NA,NA
1435,NA,NA
1440,NA,NA
1445,NA,NA
1450,NA,NA
1455,NA,NA
1460,NA,NA
1465,NA,NA
1466,NA,NA
1470,NA,NA
1475,NA,NA
1480,NA,NA
1481,NA,NA
1484,NA,NA
1485,NA,NA
1487,NA,NA
1490,NA,NA
1493,NA,NA
1495,NA,NA
1499,NA,NA
1515,NA,NA
1560,NA,NA
1565,144.9300203,-37.7946416
1570,NA,NA
1582,NA,NA
1585,NA,NA
1590,NA,NA
1595,NA,NA
1597,NA,NA
1602,NA,NA
1630,NA,NA
1635,NA,NA
1639,NA,NA
1640,NA,NA
1655,NA,NA
1658,NA,NA
1660,NA,NA
1670,NA,NA
1671,NA,NA
1675,NA,NA
1680,NA,NA
1685,NA,NA
1690,NA,NA
1691,NA,NA
1692,NA,NA
1693,NA,NA
1694,NA,NA
1695,NA,NA
1696,NA,NA
1697,NA,NA
1698,NA,NA
1699,NA,NA
1700,133.775136,-25.274398
1701,NA,NA
1710,NA,NA
1712,NA,NA
1715,NA,NA
1730,NA,NA
1740,NA,NA
1741,NA,NA
1750,NA,NA
1755,NA,NA
1765,NA,NA
1771,143.8055487,-37.5506492
1781,NA,NA
1790,133.775136,-25.274398
1797,150.7294679,-33.7649075
1800,145.164086,-37.90424600000001
1805,133.775136,-25.274398
1811,NA,NA
1825,149.1824656,-35.3271023
1826,133.775136,-25.274398
1830,147.8505516,-43.1458551
1831,151.2052778,-33.8783333
1835,133.775136,-25.274398
1848,NA,NA
1851,133.775136,-25.274398
1860,139.0672508,-34.7244268
1871,145.007,-37.899
1875,133.775136,-25.274398
1885,133.775136,-25.274398
1888,151.1970516,-33.8726709
1890,133.775136,-25.274398
1891,138.592163,-34.987591
1900,NA,NA
1902,144.6611745,-38.2679009
2000,151.20733,-33.8708464
2001,NA,NA
2002,133.775136,-25.274398
2004,NA,NA
2006,NA,NA
2007,151.1952862,-33.8771184
2008,151.1993383,-33.8850259
2009,NA,NA
2010,151.214711,-33.8777803
2011,151.2189414,-33.8743982
2012,NA,NA
2015,151.197329,-33.9087629
2016,NA,NA
2017,NA,NA
2018,NA,NA
2019,NA,NA
2020,NA,NA
2021,151.2239998,-33.8949661
2022,151.2495903,-33.8956547
2023,NA,NA
2024,151.2597927,-33.9046399
2025,NA,NA
2026,151.2714535,-33.8922511
2027,151.2379312,-33.87222879999999
2028,151.2437606,-33.8788259
2029,151.265623,-33.8754209
2030,NA,NA
2031,151.2393885,-33.9122447
2032,151.2306446,-33.9279209
2033,151.2189869,-33.9096151
2034,151.2539627,-33.9236193
2035,151.2393885,-33.942927
2036,151.2393885,-33.9735997
2037,151.1840188,-33.8802599
2038,151.1723645,-33.8824062
2039,151.1738213,-33.8661553
2040,151.1525215,-33.8703546
2041,151.1781916,-33.8583166
2042,151.1781916,-33.8992314
2043,151.1854757,-33.90236489999999
2044,151.1665377,-33.921824
2045,151.1374068,-33.87860879999999
2046,151.1315813,-33.8566687
2047,151.1548847,-33.8523805
2048,151.165081,-33.8920561
2049,151.1548847,-33.8932918
2050,-123.122266,49.2858125
2052,151.229916,-33.916869
2055,NA,NA
2057,NA,NA
2058,151.2502859,-33.8915211
2059,NA,NA
2060,151.20733,-33.8401473
2061,151.2146155,-33.8483957
2062,151.2146155,-33.8228068
2063,151.2189869,-33.8123999
2064,151.1840188,-33.8086312
2065,151.195674,-33.8269489
2066,151.1694511,-33.8126017
2067,151.1781916,-33.7969122
2068,151.20733,-33.7992003
2069,151.195674,-33.7808794
2070,151.1693413,-33.7787851
2071,151.1665377,-33.7632319
2072,151.1548847,-33.7551473
2073,151.134494,-33.7627554
2074,151.1577979,-33.6867425
2075,151.1694511,-33.7204426
2076,151.1228434,-33.7085861
2077,151.0995447,-33.6924088
2079,151.125756,-33.6709087
2080,NA,NA
2081,151.1694511,-33.5769126
2082,151.134494,-33.5988104
2083,151.2219013,-33.5542808
2084,151.2219013,-33.6363689
2085,151.2044159,-33.7293236
2086,151.2248157,-33.7473073
2087,151.2160726,-33.773259
2088,151.2393885,-33.8303776
2089,151.2189869,-33.8379923
2090,151.2262729,-33.8283272
2091,NA,NA
2092,151.2423032,-33.7927181
2093,151.2627078,-33.8055737
2094,151.2729111,-33.7940757
2095,151.2947775,-33.8060158
2096,151.2889461,-33.7738038
2097,151.2947775,-33.734283
2099,151.2860306,-33.7500081
2100,151.2627078,-33.76459790000001
2101,151.2685382,-33.6891976
2102,151.2947775,-33.6881414
2103,151.3064407,-33.6757024
2104,151.2889461,-33.6610245
2105,151.290404,-33.6395909
2106,151.3122727,-33.6566564
2107,151.321021,-33.6357749
2108,151.2976932,-33.6298875
2109,151.1126498,-33.77382370000001
2110,151.1374068,-33.8274649
2111,151.125756,-33.8296098
2112,151.1111936,-33.807991
2113,151.134494,-33.7934648
2114,151.0849848,-33.8089747
2115,151.0616918,-33.8132521
2116,151.0384023,-33.8124093
2117,151.0296696,-33.7973906
2118,151.0413133,-33.7799114
2119,151.0646032,-33.7551665
2120,151.0762495,-33.7274311
2121,151.0791612,-33.7716764
2122,151.0966326,-33.7863691
2123,NA,NA
2124,NA,NA
2125,151.0296696,-33.7462388
2126,151.0413133,-33.72874669999999
2127,151.0675147,-33.840308
2128,151.0442244,-33.8343506
2129,151.0718821,-33.863152
2130,151.1359504,-33.8922971
2131,151.12548520000001,-33.8904917
2132,151.114106,-33.8828873
2133,151.1082813,-33.89673450000001
2134,151.1024569,-33.8799121
2135,151.0762495,-33.8808808
2136,151.0733379,-33.8929126
2137,151.1024569,-33.8543494
2138,151.0908086,-33.8462611
2139,151.0929926,-33.8385096
2140,151.0791612,-33.858623
2141,151.0413133,-33.8719405
2142,151.006385,-33.8323277
2143,151.0296696,-33.8893965
2144,151.0296696,-33.8485157
2145,150.9481887,-33.8173961
2146,150.9569167,-33.7915266
2147,150.9365521,-33.7632936
2148,150.9016476,-33.7849921
2150,151.0092954,-33.8151823
2151,151.0180269,-33.77395370000001
2152,150.9918338,-33.7902573
2153,150.9889238,-33.7613862
2154,150.9947439,-33.7270691
2155,150.9423702,-33.6880666
2156,150.9656452,-33.6530868
2157,151.0122058,-33.5420387
2158,151.0354914,-33.6914284
2159,151.0704263,-33.5876386
2160,150.9831038,-33.8365794
2161,150.9831038,-33.8570185
2162,151.006385,-33.883427
2163,150.9801939,-33.88436799999999
2164,150.9132815,-33.8492918
2165,150.9452794,-33.8702903
2166,150.9365521,-33.8961316
2167,150.8929227,-33.9690916
2168,150.8783824,-33.9117729
2170,150.9190988,-33.9477825
2171,150.8434913,-33.9333763
2172,150.9743743,-33.96456060000001
2173,150.9307341,-34.0425826
2174,150.8580282,-33.9651827
2175,150.8493059,-33.848126
2176,150.8783824,-33.8709405
2177,150.8812903,-33.8946607
2178,150.8027952,-33.8769426
2179,150.8086082,-33.9549525
2190,151.0529578,-33.90558
2191,151.0849848,-33.9061117
2192,151.0908086,-33.9178204
2193,151.11993090000001,-33.909932
2194,151.1024569,-33.91057840000001
2195,151.0733379,-33.9235692
2196,151.0558691,-33.92931310000001
2197,150.9976541,-33.8990652
2198,150.9860137,-33.9062913
2199,151.0209375,-33.9050378
2200,151.0296696,-33.9200458
2203,151.1374068,-33.9041707
2204,151.1548847,-33.9086291
2205,151.1490585,-33.9378099
2206,151.125756,-33.9267511
2207,151.1228434,-33.9541086
2208,151.0995447,-33.9379361
2209,151.0791612,-33.9454921
2210,151.0529578,-33.9566557
2211,151.0296696,-33.9608964
2212,151.0151163,-33.9495044
2213,150.9947439,-33.9519315
2214,150.9801939,-33.9405364
2216,151.1490585,-33.9531396
2217,151.1374068,-33.9757081
2218,151.11993090000001,-33.9712426
2219,151.1315813,-33.9946489
2220,151.0995447,-33.9583688
2221,151.1111936,-33.9919897
2222,151.0849848,-33.9623045
2223,151.0762495,-33.9830462
2224,151.0995447,-34.0094315
2225,151.0791612,-34.0016599
2226,151.0646032,-34.0106901
2227,151.0849848,-34.043981
2228,151.1024569,-34.03825
2229,151.1228434,-34.0460194
2230,151.1461455,-34.0621862
2231,151.1985879,-34.0194134
2232,151.0646032,-34.0311029
2233,151.0704263,-34.1193032
2234,151.006385,-34.0161592
2250,151.1869325,-33.3502247
2251,151.38519,-33.4721323
2252,NA,NA
2256,151.2568777,-33.5117779
2257,151.3385191,-33.5220832
2258,151.3501856,-33.3295763
2259,151.3501856,-33.2059456
2260,151.4377107,-33.4287117
2261,151.4318742,-33.3603327
2262,151.5428026,-33.2075583
2263,151.5077645,-33.2504355
2264,151.4552213,-33.1186851
2265,151.4435474,-33.0641471
2267,151.5749274,-33.0683359
2278,151.548643,-32.9351373
2280,151.6713386,-33.0223311
2281,151.6362736,-33.1170985
2282,151.6479611,-32.9648241
2283,151.5953736,-33.050132
2284,151.6187438,-32.9524472
2285,151.6187438,-32.9110348
2286,151.5720067,-32.8995067
2287,151.6654939,-32.9018298
2289,151.7064109,-32.9481404
2290,151.712257,-32.9754667
2291,151.744414,-32.9497012
2292,151.7341816,-32.9225853
2293,151.7575709,-32.9153665
2294,151.7663428,-32.9123334
2295,151.7999723,-32.8674273
2296,151.7458759,-32.9125002
2297,151.7575709,-32.9050024
2298,151.7210265,-32.9025199
2299,151.7034879,-32.9085765
2300,151.7795013,-32.9272155
2302,151.7604948,-32.92644610000001
2303,151.7502614,-32.9252332
2304,151.7356433,-32.877603
2305,151.7064109,-32.9274242
2306,151.680106,-32.9908543
2307,151.6917966,-32.879801
2308,151.7034879,-32.8930342
2309,NA,NA
2310,NA,NA
2311,151.4668962,-32.2611927
2312,152.3799862,-32.1257631
2314,NA,NA
2315,152.151274,-32.7344109
2316,152.0399534,-32.7647951
2317,152.0897462,-32.7326108
2318,151.8643252,-32.753389
2319,152.0048138,-32.7043146
2320,151.5369624,-32.7147232
2321,151.4435474,-32.6916544
2322,151.6654939,-32.8189255
2323,151.4902483,-32.9103365
2324,151.9111422,-32.6400424
2325,151.1869325,-32.9380528
2326,151.4552213,-32.787791
2327,151.4844099,-32.83126130000001
2328,150.6285091,-32.466267
2329,150.1184797,-32.0459832
2330,150.8609358,-32.7319195
2331,NA,NA
2333,150.7214362,-32.2415573
2334,151.38519,-32.6875639
2335,151.3501856,-32.6270649
2336,151.1869325,-32.1089351
2337,151.0937206,-31.9193182
2338,151.0005643,-31.7295314
2339,150.535641,-31.7795952
2340,151.0471355,-31.2814691
2341,150.6052865,-31.3599657
2342,150.6052865,-31.1929989
2343,150.3037323,-31.4297744
2344,150.6981989,-31.1325489
2345,150.8376769,-30.9158156
2346,150.6749653,-30.6870373
2347,150.4892292,-30.3053875
2348,NA,NA
2350,151.9813913,-30.4941859
2351,151.6410199,-30.4899535
2352,151.1636244,-31.0794521
2353,151.0704263,-30.9728211
2354,151.8877321,-31.0638225
2355,151.0937206,-30.7474594
2356,148.96649,-30.54365829999999
2357,149.1960526,-31.3085444
2358,151.373521,-30.5621734
2359,151.0005643,-30.1352024
2360,151.2335592,-29.640762
2361,151.1869325,-29.2477204
2365,151.6070583,-30.0677809
2369,151.2102442,-29.9529375
2370,151.9813913,-29.6445018
2371,151.6070583,-29.3880642
2372,151.9813913,-29.1323998
2379,149.7948904,-31.0917446
2380,150.1647697,-30.9361952
2381,149.9797036,-31.305517
2382,150.1647697,-30.6855751
2386,148.8289611,-30.0503142
2387,148.96649,-29.7110242
2388,149.3800105,-30.36028289999999
2390,149.9334764,-30.1669781
2395,149.4260421,-31.5759338
2396,149.1501056,-30.9238593
2397,149.5642369,-29.9061308
2398,149.7948904,-29.6707647
2399,150.1647697,-29.4257975
2400,149.7487272,-29.4491211
2401,150.3500838,-29.5555212
2402,150.4892292,-29.29364379999999
2403,150.7214362,-29.6456255
2404,150.6749653,-30.01423399999999
2405,149.5642369,-28.8981206
2406,149.0408494,-28.9041572
2408,150.4892292,-28.9549564
2409,150.1184797,-28.696216
2410,150.8144215,-28.9050811
2411,150.3269061,-29.1063577
2415,151.8643252,-32.2537173
2420,151.7473377,-32.3296556
2421,151.5369624,-32.5902258
2422,151.7941232,-31.9652427
2423,152.215754,-32.358861
2424,152.0282394,-31.6440437
2425,152.0282394,-32.4809178
2426,152.5796026,-31.8260586
2427,152.6501045,-31.8634637
2428,152.4738975,-32.2735633
2429,152.3095833,-31.7944775
2430,152.4973826,-31.92251319999999
2431,153.0500809,-30.91860209999999
2439,152.6148504,-31.6342174
2440,152.5443612,-30.9630729
2441,152.8029443,-31.2127192
2442,NA,NA
2443,152.7088752,-31.7402243
2444,152.8499952,-31.392698
2445,152.8029443,-31.5931838
2446,152.3565156,-31.4267124
2447,152.8735247,-30.740808
2448,152.9558991,-30.5997515
2449,152.6853649,-30.61332359999999
2450,152.9676695,-30.16526
2452,153.0912986,-30.3581041
2453,152.5913512,-30.2516968
2454,152.8735247,-30.4855002
2455,152.9794406,-30.5198264
2456,153.1325243,-30.0520062
2460,152.7323884,-29.6427683
2462,153.1325243,-29.7093022
2463,153.2739287,-29.6112567
2464,153.332874,-29.4843022
2465,153.244462,-29.4168813
2466,153.3623524,-29.3884679
2469,152.5443612,-28.9152316
2470,152.9676695,-28.878424
2471,153.2267838,-28.9987239
2472,153.3210837,-29.1481762
2473,153.4213208,-29.1102761
2474,152.9205918,-28.4803132
2475,152.4269361,-28.5241278
2476,152.4269361,-28.3950477
2477,153.4154233,-28.9094612
2478,153.5570056,-28.8529354
2479,153.5098019,-28.713311
2480,153.250355,-28.7665066
2481,153.568808,-28.6283277
2482,153.4154233,-28.5204603
2483,153.5098019,-28.4536389
2484,153.3446649,-28.3541283
2485,153.5157018,-28.178556
2486,153.4744054,-28.2187657
2487,153.5452038,-28.2768342
2488,153.5393031,-28.3352184
2489,153.5629067,-28.3834692
2490,153.4685065,-28.2663062
2500,150.8783824,-34.4207112
2502,150.8754745,-34.4884509
2505,150.8900145,-34.4744767
2506,150.840584,-34.4793722
2508,150.9307341,-34.2055707
2515,150.933643,-34.295339
2516,150.904556,-34.3284699
2517,150.9016476,-34.3454996
2518,150.9016476,-34.3759776
2519,150.8783824,-34.3902523
2520,NA,NA
2522,150.8798363,-34.4045914
2525,150.8434913,-34.4319396
2526,150.7911697,-34.4132402
2527,150.7562989,-34.5764532
2528,150.8551207,-34.5566631
2529,150.8551207,-34.5971935
2530,150.7446771,-34.5227686
2533,150.7795452,-34.6635132
2534,150.7911697,-34.7373565
2535,150.6981989,-34.7533953
2536,150.0722053,-35.6491178
2537,149.9334764,-35.8894726
2538,150.2805623,-35.4461873
2539,150.2342337,-35.3536829
2540,150.5976674,-35.1516626
2541,150.5936766,-34.8772295
2545,149.7948904,-36.1284919
2546,149.9797036,-36.2586281
2548,149.8757147,-36.8301133
2549,149.817978,-36.9804396
2550,149.7487272,-36.6279305
2551,149.7948904,-37.2277856
2555,150.7504879,-33.8787051
2556,150.7330562,-33.9404662
2557,150.7737333,-33.9968842
2558,150.8057017,-34.0331927
2559,150.794076,-34.050553
2560,150.8144215,-34.2364674
2563,150.7504879,-34.1028697
2564,150.8900145,-33.9963891
2565,150.8493059,-33.9909712
2566,150.8493059,-34.0317453
2567,150.7562989,-34.048387
2568,150.7098171,-34.1380681
2569,150.7040079,-34.1924773
2570,150.6285091,-34.0252949
2571,150.6401218,-34.2011979
2572,150.5124332,-34.177879
2573,150.587872,-34.233219
2574,150.6517354,-34.3767989
2575,150.3500838,-34.358075
2576,150.4660289,-34.5304441
2577,150.4428323,-34.6253671
2578,150.2921468,-34.6559402
2579,150.1647697,-34.7125661
2580,149.7487272,-34.7206289
2581,149.3800105,-34.7796381
2582,148.8289611,-34.9445333
2583,149.3800105,-34.2977169
2584,148.6687118,-34.6796688
2585,148.5315297,-34.6006042
2586,148.8289611,-34.4652711
2587,148.3260629,-34.6013985
2588,148.1209694,-34.522128
2590,147.9617144,-34.6546705
2594,148.0982046,-34.2563299
2600,149.1099161,-35.3075699
2601,149.1213974,-35.28099419999999
2602,149.1328799,-35.2544049
2603,149.1328799,-35.3239832
2604,149.1529768,-35.3321319
2605,149.0898262,-35.3341832
2606,149.0898262,-35.34907949999999
2607,149.0984358,-35.3639236
2608,NA,NA
2609,149.2190324,-35.2736652
2610,NA,NA
2611,148.7831534,-35.4477412
2612,149.1414924,-35.2792021
2614,149.0525253,-35.2516136
2615,149.0238401,-35.2087136
2616,NA,NA
2617,149.092696,-35.228161
2618,149.0353134,-35.1423355
2619,149.2017971,-35.3831348
2620,149.0123679,-35.631887999999996
2621,149.4490642,-35.4176011
2622,149.7487272,-35.52059
2623,149.4490642,-35.576588
2624,148.4002165,-36.4030689
2625,148.2975552,-36.499567
2626,149.1501056,-35.8686568
2627,148.4629997,-36.5726432
2628,148.7831534,-36.549011900000004
2629,148.7831534,-36.0002232
2630,149.1960526,-36.3150116
2631,149.3339956,-36.5504439
2632,149.1960526,-36.9411375
2633,148.8747865,-36.9653136
2640,147.259277,-35.9976838
2641,146.9548653,-36.03036549999999
2642,148.052689,-36.0220179
2643,146.6289429,-35.9580119
2644,147.4174803,-35.7533631
2645,146.2482277,-35.3139098
2646,146.2929381,-35.7553785
2647,146.0472969,-35.9286597
2648,142.1912307,-33.3707197
2649,148.3032562,-35.8017999
2650,147.4174803,-35.283152
2651,147.4740404,-35.1526817
2652,146.8311117,-34.6723667
2653,148.052689,-35.7869336
2655,147.1464245,-35.279554
2656,146.786149,-35.2474643
2658,146.9661233,-35.5374394
2659,146.8760951,-35.7436011
2660,147.0787735,-35.6696233
2661,147.2931571,-35.1571982
2663,147.6212403,-34.8118996
2665,146.8311117,-34.3566955
2666,147.5532762,-34.4152092
2668,147.4174803,-34.0966466
2669,146.6513853,-33.6678012
2671,147.3722545,-33.8840393
2672,146.2929381,-33.399431
2675,145.6689636,-33.2853898
2678,147.3581255,-35.0612323
2680,145.9358581,-34.394413
2681,146.1588712,-34.1102303
2700,146.2929381,-34.9767465
2701,147.2366964,-34.6770935
2702,147.0336982,-34.7932199
2703,146.3936145,-34.6260147
2705,146.3376699,-34.4808824
2706,145.8690603,-34.6280192
2707,145.7578403,-34.8075597
2708,NA,NA
2710,144.9611836,-35.247342
2711,144.4342138,-33.9871774
2712,145.8023118,-35.7148531
2713,145.5358152,-35.5514125
2714,145.3585972,-35.7249968
2715,143.2180495,-33.7309634
2716,145.7133909,-35.1438001
2717,142.0851258,-34.0796702
2720,148.2804541,-35.4209913
2721,147.6892483,-34.0173794
2722,148.143739,-34.9459647
2725,147.848103,-34.4822804
2726,148.3032562,-34.7739342
2727,148.4401655,-35.0518395
2729,147.9617144,-35.2879839
2730,148.0754444,-35.5382202
2731,144.6533747,-35.874342
2732,144.1283863,-35.46685009999999
2733,144.1720041,-35.0600117
2734,143.7803147,-35.1178199
2735,143.4986586,-35.1540393
2736,143.3690158,-34.9942345
2737,142.9599661,-34.3341497
2738,142.4891909,-34.2057057
2739,142.1806128,-34.1427659
2745,150.6517354,-33.8479652
2747,150.7330562,-33.7568098
2748,150.7330562,-33.818067
2749,150.6865817,-33.7039148
2750,150.6865817,-33.744767
2751,NA,NA
2752,150.5936766,-33.9245658
2753,150.6981989,-33.6149421
2754,150.7156265,-33.5631923
2755,NA,NA
2756,150.7214362,-33.3137032
2757,150.7011034,-33.5517656
2758,150.535641,-33.5114239
2759,150.7853574,-33.8060826
2760,150.7737333,-33.7520107
2761,150.8434913,-33.7393563
2762,150.8667511,-33.7044482
2763,150.8900145,-33.7206583
2765,150.8725666,-33.6496795
2766,150.8493059,-33.8072744
2767,150.8783824,-33.7585633
2768,150.9278252,-33.7278158
2769,150.9016476,-33.7031923
2770,150.8086082,-33.7610185
2773,150.6227031,-33.7639036
2774,150.6168974,-33.7266709
2775,151.0005643,-33.3029838
2776,150.5501477,-33.6863276
2777,150.6168974,-33.6858294
2778,150.4805286,-33.7344756
2779,150.4573297,-33.7284065
2780,150.3211123,-33.7054049
2782,150.3790612,-33.7206345
2783,150.4370338,-33.7256417
2784,150.4167407,-33.7279709
2785,150.2458144,-33.7110343
2786,150.3211123,-33.5115869
2787,149.9334764,-33.9632764
2790,150.1647697,-33.495962
2791,149.1271385,-33.60220839999999
2792,148.9894267,-33.6046193
2793,148.8747865,-33.794889
2794,148.6001005,-33.8788824
2795,149.5642369,-33.5390607
2797,148.9894267,-33.6854778
2798,149.1271385,-33.4806818
2799,149.265005,-33.5995926
2800,149.0582632,-33.2792017
2803,148.5315297,-34.120537
2804,148.6001005,-33.5565485
2805,148.4401655,-33.6525088
2806,148.3260629,-33.3984728
2807,148.577239,-34.0130993
2808,148.9435575,-33.9954583
2809,148.3945107,-34.0414059
2810,148.0982046,-33.9363618
2818,148.806055,-32.4158549
2820,149.0123679,-32.5743502
2821,148.0982046,-32.3212524
2823,148.0982046,-31.8320618
2824,147.825395,-31.3469752
2825,147.1013188,-31.7929088
2826,147.5985807,-31.8950912
2827,148.6458369,-31.6552936
2828,148.8289611,-31.2107509
2829,148.4629997,-30.7820705
2830,148.6001005,-32.1754247
2831,146.741207,-31.038393
2832,148.0982046,-30.0220265
2833,148.5543821,-29.2282132
2834,147.9617144,-29.2801652
2835,145.1375834,-31.6862716
2836,143.5635637,-31.0252202
2838,147.3722545,-29.3282279
2839,146.741207,-29.4010291
2840,144.4342138,-29.5392065
2842,149.1501056,-31.7501864
2843,149.7487272,-31.7845656
2844,149.3339956,-32.0462102
2845,150.0606392,-33.4174224
2846,150.0722053,-33.1446203
2847,149.9681453,-33.3520881
2848,149.956588,-32.9298576
2849,150.1184797,-32.7056049
2850,149.5642369,-32.5593561
2852,149.4260421,-32.3173317
2864,148.6687118,-33.353549
2865,148.6001005,-33.1521836
2866,148.96649,-32.9287927
2867,148.6915912,-32.9342431
2868,148.6001005,-32.7462554
2869,148.0982046,-32.6462279
2870,148.2804541,-33.0218853
2871,147.7346113,-33.5103372
2873,147.1915504,-32.2241884
2874,147.5985807,-32.6250881
2875,147.5532762,-32.9751777
2876,147.8708157,-33.1071907
2877,146.382423,-32.8686201
2878,144.4342138,-32.733105
2879,142.8741407,-32.3693586
2880,141.6834275,-30.5512963
2890,NA,NA
2891,NA,NA
2898,159.0821211,-31.5553263
2899,NA,NA
2900,149.0668705,-35.4170279
2901,149.1156566,-35.4928155
2902,149.0640013,-35.383968
2903,149.0898262,-35.3987152
2904,149.0984358,-35.4135536
2905,149.1099161,-35.4366428
2906,149.0984358,-35.463155
2911,149.1357507,-35.2129421
2912,149.1357507,-35.188067
2913,149.1099161,-35.1783044
2914,149.1386215,-35.1615038
3000,144.963937,-37.8152065
3001,NA,NA
3002,144.9804594,-37.8161444
3003,144.9253974,-37.8114504
3004,144.9804594,-37.8301583
3005,144.9525797,-37.8227336
3006,144.963937,-37.8245483
3008,144.9419122,-37.8170652
3010,144.9598069,-37.7962849
3011,144.9006313,-37.7960195
3012,144.8456217,-37.8146251
3013,144.8813738,-37.819811
3015,144.8786231,-37.83520970000001
3016,144.8813738,-37.8571449
3018,144.8126334,-37.859343
3019,144.8566207,-37.7903679
3020,144.823628,-37.7791149
3021,144.8016402,-37.7435941
3022,144.7988921,-37.7776716
3023,144.7521888,-37.7687064
3024,144.5875645,-37.8706337
3025,144.8346241,-37.8388686
3026,144.7796581,-37.8294185
3027,144.7439497,-37.8614859
3028,144.7796581,-37.87603989999999
3029,144.7082568,-37.8282806
3030,144.67532310000001,-37.938058
3031,144.9198932,-37.790896
3032,144.9006313,-37.7773364
3033,144.8566207,-37.7343192
3034,144.8648709,-37.7628247
3036,144.8126334,-37.6912843
3037,144.7521888,-37.69400359999999
3038,144.7906484,-37.7024727
3039,144.9198932,-37.7675363
3040,144.9006313,-37.749302900000004
3041,144.9006313,-37.7306079
3042,144.8758725,-37.7245197
3043,144.8786231,-37.7044206
3044,144.9364069,-37.7310813
3045,144.8401227,-37.6679317
3046,144.9336544,-37.7044261
3047,144.9336544,-37.6763574
3048,144.9226452,-37.6539007
3049,144.8896264,-37.6707522
3050,144.9560212,-37.79879520000001
3051,144.9419122,-37.7983816
3052,144.9474178,-37.7862363
3053,144.9694441,-37.798389
3054,144.9694441,-37.78437020000001
3055,144.9419122,-37.761
3056,144.9584302,-37.7666099
3057,144.9804594,-37.769412
3058,144.9666905,-37.7343488
3059,144.8841246,-37.6454887
3060,144.9666905,-37.6969273
3061,144.955677,-37.665113
3062,144.944665,-37.6332889
3063,144.8401227,-37.5930751
3064,144.9391595,-37.5424079
3065,144.9804594,-37.7974551
3066,144.9873447,-37.8009595
3067,144.9983623,-37.8023601
3068,144.9887218,-37.7885749
3070,144.9997396,-37.7736132
3071,145.0080039,-37.7600493
3072,145.0107588,-37.7399362
3073,145.0107588,-37.7118644
3074,145.0107588,-37.6837819
3075,145.0107588,-37.6650543
3076,145.016269,-37.6341341
3078,145.0190242,-37.7824868
3079,145.0438252,-37.7698427
3081,145.0438252,-37.7417753
3082,145.0658766,-37.6649616
3083,145.0548502,-37.6987006
3084,145.0769045,-37.7436031
3085,145.0769045,-37.7248812
3086,145.0465813,-37.72165
3087,145.0851764,-37.7019248
3088,145.1099967,-37.698595
3089,145.1541397,-37.6666174
3090,145.1099967,-37.670486
3091,145.1320653,-37.6404295
3093,145.112755,-37.7393287
3094,145.1237889,-37.7196403
3095,145.1706992,-37.7049998
3096,145.1872619,-37.6683887
3097,145.2369693,-37.6897828
3099,145.2148736,-37.5885255
3101,145.0328017,-37.80351599999999
3102,145.0548502,-37.7922797
3103,145.0769045,-37.8090918
3104,145.0879338,-37.7941151
3105,145.0879338,-37.7660476
3106,145.1486206,-37.7537669
3107,145.1099967,-37.7641408
3108,145.1210303,-37.7865824
3109,145.1541397,-37.7883929
3110,NA,NA
3111,145.1872619,-37.7901921
3113,145.2148736,-37.7386037
3114,145.2148736,-37.7760752
3115,145.2590707,-37.7347069
3116,145.3088196,-37.7373267
3121,144.9997396,-37.8203499
3122,145.0328017,-37.8222114
3123,145.0520938,-37.8310813
3124,145.0658766,-37.83340949999999
3125,145.1099967,-37.8483275
3126,145.0741474,-37.8245223
3127,145.0989646,-37.8259003
3128,145.1210303,-37.8333543
3129,145.1210303,-37.80529480000001
3130,145.1541397,-37.8258214
3131,145.1762197,-37.8239091
3132,145.1983055,-37.8219905
3133,145.1983055,-37.8500602
3134,145.2424941,-37.7900435
3135,145.2535448,-37.8218486
3136,145.2811778,-37.7983502
3137,145.3198788,-37.8253798
3138,145.3309395,-37.7822365
3139,145.5579927,-37.8251456
3140,145.3475331,-37.7643547
3141,144.9914761,-37.838568
3142,145.0190242,-37.8432402
3143,145.0190242,-37.857253
3144,145.0355574,-37.85351480000001
3145,145.0548502,-37.8763981
3146,145.0548502,-37.8577136
3147,145.0906914,-37.8675054
3148,145.0989646,-37.8819831
3149,145.1265477,-37.8772869
3150,145.1706992,-37.8921876
3151,145.1513801,-37.8552869
3152,145.220397,-37.8668518
3153,145.2756505,-37.8386354
3154,145.3198788,-37.8534742
3155,145.2867055,-37.8610682
3156,145.3032906,-37.9368007
3158,145.3309395,-37.9039829
3159,145.3862638,-37.9225135
3160,145.3475331,-37.932935
3161,145.0190242,-37.8712631
3162,145.0217795,-37.8932076
3163,145.0548502,-37.8950779
3164,NA,NA
3165,145.0658766,-37.9174873
3166,145.0989646,-37.9006677
3167,145.0989646,-37.9193474
3168,145.1320653,-37.9211962
3169,145.1210303,-37.9454838
3170,145.1762197,-37.9267579
3171,145.1541397,-37.94733069999999
3172,145.1320653,-37.9772192
3173,145.1706992,-38.0042683
3174,145.1762197,-37.9641212
3175,145.2148736,-38.0191689
3176,NA,NA
3177,145.2424941,-37.9957951
3178,145.2424941,-37.9210442
3179,145.220397,-37.9042587
3180,145.250782,-37.8887649
3181,144.996985,-37.8544481
3182,144.9777054,-37.8595773
3183,144.9997396,-37.8670566
3184,144.9859676,-37.878722
3185,145.0080039,-37.8862009
3186,144.9997396,-37.9044002
3187,145.0190242,-37.9179439
3188,145.0135139,-37.93940310000001
3189,145.0576067,-37.940356800000004
3190,145.0410692,-37.9487497
3191,145.0135139,-37.9533967
3192,145.0658766,-37.964155
3193,145.0328017,-37.980927200000004
3194,145.0741474,-37.9786189
3195,145.1044805,-38.0005492
3196,145.1210303,-38.048116
3197,145.1431018,-38.0742262
3198,145.1431018,-38.1021858
3199,145.1486206,-38.1645944
3200,145.162419,-38.1250223
3201,145.1706992,-38.0975353
3202,145.0879338,-37.9529597
3204,145.0438252,-37.9193526
3205,144.963937,-37.8338889
3206,144.9584302,-37.8460268
3207,144.9226452,-37.8315264
3211,144.4561033,-37.9368044
3212,144.4561033,-38.0110859
3213,144.2811537,-37.9873525
3214,144.3576473,-38.0788809
3215,144.3357845,-38.1083132
3216,144.3139277,-38.1747227
3217,144.3248554,-38.2617284
3218,144.2047333,-38.1180538
3219,144.3849841,-38.176358
3220,144.3521811,-38.155681
3221,144.1501922,-38.1636337
3222,144.5875645,-38.2049453
3223,144.67532310000001,-38.1610488
3224,144.4451578,-38.1833957
3225,144.6643482,-38.2407088
3226,144.5382417,-38.2573292
3227,144.4232713,-38.2498059
3228,144.2374759,-38.3419249
3230,144.1501922,-38.3850062
3231,144.0521131,-38.451657
3232,143.9324048,-38.528668
3233,143.6285244,-38.7494709
3234,143.8454596,-38.6077436
3235,143.9324048,-38.455233
3236,143.7043819,-38.5115754
3237,143.4554195,-38.6505708
3238,143.4122052,-38.7443167
3239,143.4122052,-38.5619202
3240,144.1283863,-38.2482932
3241,143.9541563,-38.260588
3242,143.8128803,-38.3300725
3243,143.8020236,-38.4455968
3249,143.4338092,-38.36853
3250,143.5852111,-38.3313559
3251,143.6718623,-38.1418099
3254,143.5256956,-38.2962142
3260,143.1319209,-38.1491105
3264,142.8955875,-38.2273268
3265,142.7455935,-38.2633053
3266,143.1534436,-38.3948462
3267,143.0781416,-38.467729
3268,142.9385002,-38.4984954
3269,143.1104044,-38.6344019
3270,142.8793838,-38.5949819
3271,143.0029169,-37.9185598
3272,142.8312661,-38.002399
3273,142.6814062,-37.9654484
3274,142.5105224,-37.9386771
3275,142.4625357,-38.2901504
3276,142.4891909,-38.0951382
3277,142.6814062,-38.4034955
3278,142.6065939,-38.2755738
3279,142.6279608,-38.1923617
3280,142.4678659,-38.3603292
3281,142.5532048,-38.2466034
3282,142.3719834,-38.2971689
3283,142.2337184,-38.2179522
3284,142.2007574,-38.3689713
3285,141.9822579,-38.2498873
3286,141.9791849,-38.0490245
3287,142.2974988,-38.0416972
3289,142.318772,-37.8854097
3292,141.1198886,-38.0625136
3293,142.5745556,-37.76097420000001
3294,142.318772,-37.6658132
3300,142.0003599,-37.783845
3301,141.8945505,-37.7255033
3302,141.8100218,-37.8391588
3303,141.5570726,-37.96030820000001
3304,141.3889736,-37.9678788
3305,141.4706543,-38.290126
3309,141.5360368,-37.7888212
3310,141.5318089,-37.7117283
3311,141.2841298,-37.5824909
3312,141.095836,-37.382002
3314,142.0639245,-37.4235761
3315,141.7255991,-37.4420537
3317,141.5781151,-37.1477475
3318,141.3050851,-37.0613621
3319,141.0540674,-36.8910613
3321,143.9541563,-38.1130535
3322,143.6285244,-38.0526438
3323,143.4986586,-38.0061194
3324,143.3474304,-37.8964298
3325,143.1749726,-37.9076784
3328,144.0630048,-38.022066
3329,143.88892,-37.9976266
3330,143.7152249,-37.9359743
3331,144.1938221,-37.9939081
3332,144.1065864,-37.9633341
3333,144.0194472,-37.8585983
3334,144.0630048,-37.7625944
3335,144.67532310000001,-37.7143753
3337,144.5875645,-37.6095412
3338,144.5437205,-37.7810237
3340,144.4123303,-37.7356162
3341,144.3248554,-37.5934691
3342,144.215646,-37.6114047
3345,144.1174856,-37.5678296
3350,143.8563224,-37.5691087
3351,143.0029169,-37.6978029
3352,143.8671868,-37.7122033
3353,NA,NA
3354,NA,NA
3355,143.7911684,-37.5089149
3356,143.8183092,-37.5881949
3357,143.8943543,-37.6521937
3360,143.5202874,-37.7370214
3361,143.3474304,-37.7488709
3363,143.8780526,-37.409312
3364,143.9541563,-37.3708363
3370,143.8020236,-37.261355
3371,143.6718623,-37.2153546
3373,143.3474304,-37.4528631
3374,142.8955875,-37.1596728
3375,143.1749726,-37.390738
3377,142.9170407,-37.2971613
3378,143.0244018,-37.50267520000001
3379,142.6172766,-37.5195066
3380,142.7777088,-37.05177690000001
3381,142.5745556,-37.1716807
3384,143.0888943,-36.9882754
3385,142.6600232,-36.9066682
3387,142.8312661,-36.8204775
3388,142.6600232,-36.6090828
3390,142.4891909,-36.6209737
3391,142.4252353,-36.0562538
3392,142.5745556,-36.4286658
3393,142.4039296,-36.2167744
3395,142.4039296,-35.9172982
3396,142.318772,-35.7360202
3400,142.1806128,-36.7204107
3401,142.2762322,-36.9503512
3402,NA,NA
3407,141.8100218,-37.2543103
3409,141.8100218,-36.8127092
3412,141.4939853,-36.6744115
3413,141.2213044,-36.7355842
3414,142.0639245,-36.314886
3415,141.3784817,-36.3811882
3418,141.5991643,-36.25207760000001
3419,141.2213044,-36.3672353
3420,141.095836,-36.0603124
3423,141.9791849,-36.134382
3424,141.9791849,-35.8357024
3427,144.6862995,-37.6153848
3428,144.7961441,-37.6342319
3429,144.7192376,-37.5424727
3430,144.8071366,-37.497542
3431,144.67532310000001,-37.4525468
3432,144.7741635,-37.439438
3433,144.7796581,-37.399104
3434,144.7192376,-37.3550485
3435,144.7192376,-37.2423687
3437,144.5437205,-37.5197014
3438,144.620463,-37.4618532
3440,144.5546793,-37.4205517
3441,144.5985292,-37.3981393
3442,144.5437205,-37.33247739999999
3444,144.5656396,-37.1335012
3446,144.3576473,-37.1840298
3447,144.3576473,-37.1465105
3448,144.3685809,-37.0470063
3450,144.2265602,-37.0636472
3451,144.1938221,-37.0991896
3453,144.2374759,-36.9265571
3458,144.3685809,-37.459275
3460,144.1610974,-37.3405241
3461,144.1938221,-37.286475
3462,144.0630048,-37.0911657
3463,143.9759139,-36.9483008
3464,143.8454596,-37.0150311
3465,143.6935405,-37.0550295
3467,143.4554195,-37.0638618
3468,143.4122052,-37.1974706
3469,143.2395973,-37.1727781
3472,143.6068646,-36.8747643
3475,143.5202874,-36.6942531
3477,143.1749726,-36.7208653
3478,143.2827118,-37.0021242
3480,142.9170407,-36.3286415
3482,142.8312661,-36.1476587
3483,142.8312661,-35.9221523
3485,142.7455935,-35.6652195
3487,142.5959129,-35.55460220000001
3488,142.4678659,-35.4327537
3489,142.4039296,-35.3151716
3490,141.5991643,-35.3571245
3491,142.1063337,-35.394936
3494,142.1487691,-34.540636
3496,141.4309582,-34.3907124
3498,142.159382,-34.2495272
3500,142.1169401,-34.2151229
3501,142.318772,-34.678204
3502,NA,NA
3505,141.8100218,-34.189156
3506,141.3679914,-35.1766811
3507,142.0639245,-35.115573
3509,141.7255991,-35.1414078
3512,141.095836,-35.16736059999999
3515,144.0630048,-36.8284445
3516,144.0194472,-36.6251143
3517,143.8671868,-36.515547
3518,143.6068646,-36.424265
3520,143.7694626,-36.3588489
3521,144.851121,-37.0989702
3522,144.7631754,-37.0314398
3523,144.7412036,-36.8919051
3525,143.4338092,-36.2125211
3527,143.2611514,-36.0005012
3529,143.1965079,-35.845391
3530,143.1534436,-35.7166782
3531,142.9170407,-35.6512854
3533,142.7884171,-35.3404178
3537,143.6935405,-36.0772722
3540,143.5202874,-35.8651458
3542,143.4122052,-35.6565961
3544,143.1749726,-35.4401221
3546,142.9599661,-35.0979662
3549,142.7455935,-34.7552395
3550,144.2920769,-36.7665875
3551,144.4779988,-36.8021738
3552,NA,NA
3554,NA,NA
3555,144.2483931,-36.808032
3556,144.1938221,-36.6478425
3557,144.5437205,-36.6546373
3558,144.5875645,-36.4802144
3559,144.8291259,-36.5430106
3561,144.6533747,-36.3317046
3562,144.5437205,-36.0471946
3563,144.4999001,-36.2606223
3564,144.6314321,-36.1149809
3565,144.5327632,-36.186252
3566,144.3576473,-35.9553896
3567,144.2374759,-35.90483440000001
3568,144.215646,-35.80212059999999
3570,144.3904526,-36.469814
3571,144.1283863,-36.37970920000001
3572,144.3248554,-36.3147326
3573,144.3904526,-36.1663341
3575,144.1283863,-36.07652880000001
3576,143.9324048,-36.1415403
3579,143.8671868,-35.7583662
3580,144.1174856,-35.6445701
3581,143.8020236,-35.6026039
3583,143.6827007,-35.5135995
3584,143.6285244,-35.4661938
3585,143.5202874,-35.4094202
3586,143.5094722,-35.2818109
3588,143.4446136,-35.2972762
3589,143.4662269,-35.2667175
3590,143.4662269,-35.2285875
3591,143.4014055,-35.205935
3594,143.3582223,-35.1526896
3595,143.3366401,-35.1832549
3596,143.2827118,-35.15480640000001
3597,143.1749726,-34.9071543
3599,143.1104044,-34.7507483
3607,145.1706992,-36.8378153
3608,145.1155133,-36.7719697
3610,145.2480193,-36.5881288
3612,145.005249,-36.602205
3614,145.325409,-36.4899607
3616,145.2038278,-36.4591947
3617,145.1706992,-36.4005389
3618,145.1706992,-36.36240129999999
3619,NA,NA
3620,145.093449,-36.2508546
3621,144.9832134,-36.2331845
3622,144.8951287,-36.2037168
3623,144.9832134,-36.46177369999999
3624,144.9501708,-36.4031385
3629,145.2922335,-36.29767470000001
3630,145.5579927,-36.4615673
3631,145.4693163,-36.4324574
3632,NA,NA
3633,145.480396,-36.2927129
3634,145.4250118,-36.2266803
3635,145.3364703,-36.1592629
3636,145.5136433,-36.102425
3637,145.2922335,-35.9530351
3638,145.2038278,-36.0388917
3639,145.005249,-35.9921604
3640,145.4693163,-36.01115619999999
3641,145.4471613,-35.9078595
3643,NA,NA
3644,145.736481,-35.9546799
3646,145.7133909,-36.2251044
3647,145.6967281,-36.3969441
3649,145.6911745,-36.0834857
3658,145.093449,-37.2372916
3659,145.1155133,-37.1126329
3660,145.2480193,-37.0435482
3661,NA,NA
3662,144.9171412,-36.9514451
3663,145.1596592,-36.9383316
3664,145.3364703,-36.9214551
3665,145.3807298,-36.8222633
3666,145.5801757,-36.7549385
3669,145.7133909,-36.6078959
3670,145.8690603,-36.6394628
3671,NA,NA
3672,145.9804173,-36.6181709
3673,146.1588712,-36.675664
3675,146.1812023,-36.5103613
3676,NA,NA
3677,146.3264849,-36.3742363
3678,146.5168094,-36.7132294
3682,146.4495924,-36.1723841
3683,146.5840737,-36.1761422
3685,146.4495924,-36.0564816
3687,146.4383942,-35.9852648
3688,146.7299747,-36.1542047
3689,NA,NA
3690,146.8423556,-36.1118041
3691,146.9661233,-36.2373927
3694,NA,NA
3695,147.1238691,-36.3055342
3697,147.168985,-36.6673311
3698,147.1351462,-36.762851
3699,147.3270485,-36.8124613
3700,147.168985,-36.2031354
3701,147.3722545,-36.5560587
3704,147.5306312,-36.1192035
3705,147.8026919,-36.1622621
3707,147.9162555,-36.4104992
3708,147.9048938,-36.0660058
3709,147.6892483,-36.0696807
3711,145.702282,-37.430404
3712,145.8245558,-37.3476485
3713,145.9804173,-37.3038068
3714,145.6245586,-37.1872994
3715,145.7356129,-36.9771194
3717,145.402868,-37.30301370000001
3718,145.5136433,-37.1696241
3719,145.6023644,-37.0473079
3720,145.8690603,-37.0207039
3722,146.1365456,-37.0313019
3723,146.2929381,-37.2909944
3724,NA,NA
3725,145.958135,-36.4002774
3726,146.002705,-36.3378842
3727,145.958135,-36.2467001
3728,145.9135867,-36.1554528
3730,145.8913207,-36.05207170000001
3732,146.3153013,-36.7449213
3733,146.4160017,-36.748307
3735,146.5840737,-36.5231859
3736,NA,NA
3737,146.6962857,-36.8466834
3738,146.7749116,-36.6120774
3739,146.8423556,-36.6332007
3740,146.8760951,-36.8264122
3741,147.0562333,-36.882628
3744,146.9773826,-36.7907956
3746,146.5280168,-36.3225392
3747,146.6962857,-36.38512540000001
3749,146.8536008,-36.3378001
3750,144.9942305,-37.5891893
3751,145.0603633,-37.5365105
3752,145.082419,-37.6377485
3753,144.9832134,-37.4822825
3754,145.1265477,-37.5963626
3755,145.1486206,-37.5474779
3756,144.9832134,-37.40715489999999
3757,145.1596592,-37.4666309
3758,145.0383133,-37.3787648
3759,145.2424941,-37.6400391
3760,145.2867055,-37.6267001
3761,145.2811778,-37.5919774
3762,144.9721978,-37.3564385
3763,145.3696628,-37.5087273
3764,144.9171412,-37.2531649
3765,145.353065,-37.8083883
3766,145.3862638,-37.8194936
3767,145.3420015,-37.8421584
3770,145.4250118,-37.7057909
3775,145.3807298,-37.6158673
3777,145.5136433,-37.5848772
3778,145.6467583,-37.553614
3779,146.0696009,-37.6356131
3781,145.5025595,-37.9473069
3782,145.4582381,-37.91379810000001
3783,145.6023644,-37.9524044
3785,145.3171139,-37.8782906
3786,145.3309395,-37.8759058
3787,145.353065,-37.8645935
3788,145.3751961,-37.8532703
3789,145.3641298,-37.8963853
3791,145.4111713,-37.9051015
3792,145.3973329,-37.8887708
3793,145.4360858,-37.8689357
3795,145.4305486,-37.8342877
3796,145.3917982,-37.7791563
3797,145.702282,-37.8447909
3799,145.8023118,-37.6990844
3800,145.1348243,-37.9104511
3802,145.2590707,-37.9780214
3803,145.2756505,-38.0069505
3804,145.3309395,-37.9788019
3805,145.3032906,-38.0302499
3806,145.3475331,-38.0264207
3807,145.3862638,-38.0347309
3808,145.4360858,-37.999986
3809,145.4139392,-38.0673549
3810,145.4693163,-38.0578366
3812,145.5690835,-38.0817495
3813,145.6356577,-38.0477423
3814,145.6800684,-38.0999051
3815,145.7245012,-38.0771825
3816,145.7800733,-38.086187
3818,145.8690603,-38.1155251
3820,145.9469958,-38.1692482
3821,146.002705,-38.0844084
3822,146.0361469,-38.1797383
3823,146.0584482,-38.2245094
3824,146.1812023,-38.2177192
3825,146.2929381,-38.0474021
3831,146.002705,-38.0093215
3832,145.9915605,-37.9211096
3833,146.0696009,-37.7865626
3835,146.1812023,-38.2926842
3840,146.4495924,-38.2671612
3841,NA,NA
3842,146.4160017,-38.3219988
3844,146.5840737,-38.2728501
3847,146.8086278,-38.2317005
3850,147.0675028,-38.096577
3851,147.1464245,-38.20640119999999
3852,147.1407852,-38.1054124
3853,NA,NA
3854,146.5840737,-38.1223546
3856,146.5392256,-38.0326139
3857,146.6850587,-38.0132354
3858,146.6513853,-37.557605
3859,146.8985944,-37.920365
3860,146.9661233,-37.6951451
3862,147.1915504,-37.4228208
3864,147.304453,-37.8199648
3865,147.468383,-37.7994292
3869,146.3712327,-38.3637637
3870,146.3600438,-38.4631226
3871,146.1812023,-38.4049813
3873,146.6738329,-38.3016024
3874,146.8985944,-38.5234965
3875,147.5532762,-37.6874281
3878,147.6779106,-37.9067566
3880,147.7573,-37.9215501
3882,147.7573,-37.8071978
3885,148.2804541,-37.2938907
3886,148.42875,-37.7514308
3887,148.0299382,-37.6989476
3888,148.6458369,-37.2474912
3889,148.8289611,-37.609984
3890,149.1960526,-37.5621735
3891,149.5642369,-37.5126059
3892,149.7718067,-37.51307080000001
3893,147.8026919,-37.4768667
3895,147.848103,-37.3755587
3896,147.7799935,-37.1819263
3898,147.5079912,-37.022052
3900,147.8708157,-36.9009009
3902,147.8140428,-37.81497590000001
3903,147.8594587,-37.8097254
3904,147.8367484,-37.8600459
3909,148.0299382,-37.8136883
3910,145.1927835,-38.1608986
3911,145.1762197,-38.1972006
3912,145.2148736,-38.2242212
3913,145.1706992,-38.2651079
3915,145.1265477,-38.3059216
3916,145.0548502,-38.4161358
3918,145.165179,-38.3329437
3919,145.1983055,-38.3534427
3920,145.2093505,-38.3943242
3921,145.3364703,-38.34893479999999
3922,145.2038278,-38.4898703
3923,145.2756505,-38.4724137
3925,145.3862638,-38.5282425
3926,145.1044805,-38.3541527
3927,145.165179,-38.37937429999999
3928,144.9721978,-38.4018779
3929,144.9721978,-38.4574538
3930,145.0879338,-38.1952209
3931,145.0603633,-38.2277083
3933,145.1265477,-38.2501593
3934,145.016269,-38.287039
3936,144.9942305,-38.3352183
3937,145.0383133,-38.36878129999999
3938,144.9336544,-38.3562816
3939,144.8951287,-38.4218526
3940,144.8786231,-38.3745297
3941,144.8181305,-38.3862088
3942,144.7686693,-38.3645949
3943,144.746696,-38.3477833
3944,144.7027669,-38.32340689999999
3945,145.6911745,-38.3930465
3946,145.7245012,-38.4506894
3950,145.8245558,-38.4372473
3951,145.7356129,-38.5195374
3953,146.002705,-38.4586497
3954,145.9469958,-38.5615123
3956,145.8690603,-38.675332
3957,146.1030672,-38.5941498
3958,146.013851,-38.6765966
3959,146.0696009,-38.760009
3960,146.3376699,-38.9962856
3962,146.3488562,-38.6183432
3964,146.2733747,-38.6847281
3965,146.4775937,-38.692708
3966,146.4383942,-38.6286899
3967,146.5392256,-38.6705951
3971,146.6065057,-38.5613687
3975,145.2424941,-38.0704681
3976,145.2756505,-38.0349647
3977,145.2811778,-38.1347885
3978,145.3807298,-38.140252
3979,145.6134608,-38.4509941
3980,145.3917982,-38.2092442
3981,145.5912693,-38.1825837
3984,145.5579927,-38.3114378
3987,145.6800684,-38.3054452
3988,145.7800733,-38.310594
3990,145.5247285,-38.4399786
3991,145.4582381,-38.4734903
3992,145.6023644,-38.5123976
3995,145.6023644,-38.6238593
3996,145.7800733,-38.6086874
4000,153.023588,-27.4660994
4001,NA,NA
4002,NA,NA
4003,NA,NA
4004,NA,NA
4005,153.0471371,-27.4655769
4006,153.0345152,-27.4500534
4007,153.0648006,-27.4366918
4008,153.1207447,-27.3858666
4009,153.0829858,-27.4330179
4010,153.0427215,-27.4307455
4011,153.0589126,-27.4191871
4012,153.0479657,-27.3930139
4013,153.0706888,-27.3944936
4014,153.0912986,-27.3743379
4017,153.0339889,-27.3190241
4018,153.0441933,-27.3428542
4019,153.0912986,-27.2439947
4020,153.1060212,-27.2171518
4021,153.0824656,-27.223156
4022,153.0527075,-27.2144286
4025,153.4154233,-27.0873207
4029,153.0272674,-27.4471992
4030,153.0340375,-27.4230215
4031,153.0294751,-27.4076416
4032,153.023588,-27.3847107
4034,153.0441933,-27.3645676
4035,152.9794406,-27.3565346
4036,153.0088712,-27.3138088
4037,152.9353024,-27.3392025
4051,152.9882693,-27.4261914
4053,152.9853264,-27.3957404
4054,152.9549828,-27.4119662
4055,152.9323602,-27.3901209
4059,153.0059279,-27.4515704
4060,152.9823835,-27.4412376
4061,152.9382447,-27.4401591
4064,153.0000416,-27.4611923
4065,152.9764978,-27.461705
4066,152.9917027,-27.4756536
4067,153.0000416,-27.4991588
4068,152.973555,-27.5017624
4069,152.8970569,-27.5020161
4070,152.8676421,-27.5554476
4072,153.0132861,-27.4978543
4073,152.9529566,-27.5435374
4074,152.9264759,-27.5569601
4075,152.9823847,-27.5443032
4076,152.9264759,-27.5786368
4077,152.9794406,-27.5951554
4078,152.9617842,-27.6185546
4101,153.0118145,-27.4799195
4102,153.0353622,-27.4956759
4103,153.032997,-27.5120542
4104,153.0149526,-27.5140455
4105,153.0259992,-27.535027
4106,153.0000416,-27.5533851
4107,153.0353622,-27.5499147
4108,153.0206446,-27.5658223
4109,153.0559687,-27.5840406
4110,153.0166574,-27.6166842
4111,153.0559687,-27.5515001
4112,153.0942431,-27.605579
4113,153.0795213,-27.5889518
4114,153.1030766,-27.6372491
4115,153.0336149,-27.6113884
4116,153.0499871,-27.6238851
4117,153.0795213,-27.6431814
4118,153.0500809,-27.6749806
4119,153.1119105,-27.6092593
4120,153.0479859,-27.5070097
4121,153.0589533,-27.5223127
4122,153.0912986,-27.5480097
4123,153.1207447,-27.5812621
4124,152.946986,-27.7420185
4125,153.0441933,-27.7225265
4127,153.1443045,-27.629563
4128,153.1737578,-27.6519632
4129,153.1884859,-27.6848624
4130,153.2267554,-27.6740515
4131,153.1384143,-27.666306
4132,153.0912986,-27.6781718
4133,153.1030766,-27.7240022
4151,153.0619877,-27.5009968
4152,153.1030766,-27.5070527
4153,153.1354693,-27.511066
4154,153.161976,-27.486707
4155,153.1559725,-27.5139687
4156,153.1630145,-27.5589679
4157,153.1979543,-27.5819961
4158,153.2002692,-27.4864891
4159,153.2208914,-27.4880371
4160,153.2390188,-27.4869721
4161,153.220588,-27.522958
4163,153.2667742,-27.5334347
4164,153.2621415,-27.5671583
4165,153.2999867,-27.5833177
4169,153.0412496,-27.4806276
4170,153.0750052,-27.4620175
4171,153.0589126,-27.4517481
4172,153.1030766,-27.452781
4173,153.1295793,-27.4718491
4174,153.1295793,-27.4447063
4178,153.17369,-27.4437553
4179,153.1833308,-27.4666718
4183,153.4000698,-27.4999713
4205,153.1590306,-27.6895821
4207,153.2061661,-27.7319516
4208,153.2857165,-27.7674471
4209,153.2992885,-27.852293
4210,153.2805288,-27.9336003
4211,153.3222261,-27.995579
4212,153.4036287,-27.7918539
4213,153.3347271,-28.142191
4214,153.3623524,-27.9623616
4215,153.4036287,-27.965505
4216,153.4036287,-27.9004034
4217,153.4095259,-28.004695
4218,153.4213208,-28.0396814
4219,153.438277,-28.1116562
4220,153.4331163,-28.0963527
4221,153.4543191,-28.1288855
4222,153.3807784,-27.9627982
4223,153.4341362,-28.1700418
4224,153.4919105,-28.1469507
4225,153.5127518,-28.164389
4226,153.3859379,-28.0648601
4227,153.3977316,-28.110678
4228,153.4285672,-28.1404831
4229,153.4161605,-28.0745318
4230,153.3852008,-28.077581
4270,153.1236742,-27.8856135
4271,153.206161,-27.9162702
4272,153.1973233,-27.9496437
4275,153.1796489,-28.0380223
4280,153.0383059,-27.835059
4285,152.9676695,-28.0150124
4287,152.8029443,-28.2608723
4300,152.908824,-27.6453606
4301,152.8558773,-27.628802
4303,152.8441133,-27.5938311
4304,152.8088251,-27.6080535
4305,152.7676633,-27.6372514
4306,152.6853649,-27.5224191
4307,152.6148504,-27.8318494
4309,152.6230662,-27.9433107
4310,152.6853649,-28.0413603
4311,152.4269361,-27.4025873
4312,152.4186279,-27.236469
4313,152.3762221,-27.0874883
4340,152.4973826,-27.7418746
4341,152.333048,-27.6849335
4342,152.4621561,-27.4857911
4343,152.2799511,-27.5635723
4344,152.1238169,-27.5496811
4345,152.3389146,-27.5512406
4346,152.5941917,-27.5659238
4347,152.1904182,-27.5912673
4350,151.9533185,-27.5564884
4352,151.9470976,-27.4595003
4353,151.8760283,-27.2083514
4354,151.8643252,-27.3244055
4355,152.0545612,-27.2609101
4356,151.5603244,-27.6233205
4357,151.0471355,-27.8934129
4358,151.8569756,-27.7118713
4359,151.9066549,-27.78646
4360,151.9028584,-27.8545522
4361,151.8409214,-27.943502
4362,151.9831687,-28.0334119
4363,151.7155622,-27.6834647
4364,151.4513347,-27.7569394
4365,151.5836897,-28.0364199
4370,152.0281585,-28.215734
4371,152.333048,-28.1592715
4372,152.2476363,-28.2914624
4373,152.2960993,-28.3431907
4374,151.9711114,-28.4893282
4375,151.9489674,-28.519717
4376,151.9490005,-28.5513492
4377,151.9755424,-28.5906027
4378,151.9666314,-28.6167522
4380,151.6538052,-28.7588427
4381,151.8774985,-28.7388192
4382,151.8643252,-28.8279553
4383,151.9462633,-28.9427218
4384,151.1859873,-28.7213662
4385,151.0707902,-28.8427232
4387,151.0800137,-28.4158556
4388,150.753252,-28.5736169
4390,150.3040002,-28.5406528
4400,NA,NA
4401,151.7473377,-27.3203817
4402,151.8175207,-26.9690985
4403,151.592059,-27.3710071
4404,151.4668962,-27.3446354
4405,151.2660028,-27.1944148
4406,150.3037323,-27.7210976
4407,151.1982604,-27.5330018
4408,151.3035248,-26.8136945
4410,151.10998,-26.7813787
4411,151.0005643,-26.8110238
4412,150.7911697,-26.9142824
4413,150.7679216,-26.3724452
4415,150.3037323,-26.5252094
4416,150.1341328,-26.9267532
4417,149.0675595,-27.1542602
4418,150.0953406,-26.2422842
4419,150.1184797,-25.9692426
4420,149.6564494,-25.43651
4421,150.5175918,-27.0745513
4422,149.7487272,-27.5894981
4423,149.6766801,-27.2481697
4424,149.9835959,-26.6413968
4425,149.7948904,-26.7068322
4426,149.6103349,-26.6635632
4427,149.3841339,-26.6167701
4428,149.2420166,-26.491408
4454,148.1892921,-25.4338215
4455,148.7871121,-26.5713754
4461,148.3602816,-26.6483957
4462,148.1871278,-26.5491999
4465,147.9737653,-26.4853725
4467,147.5445034,-26.4455732
4468,147.0111681,-26.569158
4470,146.0249982,-26.2260696
4471,145.9135867,-27.7477666
4472,145.3143491,-24.7102231
4474,145.0175722,-26.5888103
4475,145.0142027,-26.6292813
4477,146.5833663,-25.7999814
4478,146.382423,-24.9865124
4479,145.5801757,-26.6853236
4480,143.7369154,-26.7342767
4481,142.6547585,-25.42058
4482,139.2030851,-25.4665415
4486,148.2284289,-28.5818815
4487,148.5866384,-28.042334
4488,147.1013188,-28.1767542
4489,146.1142253,-27.3280856
4490,145.6689636,-28.1112414
4491,145.0493375,-28.1790962
4492,143.045893,-27.8201
4493,144.409873,-28.9972216
4494,149.6576367,-28.4240283
4496,149.3339956,-28.4615936
4497,148.8673144,-28.6370311
4498,149.8707851,-28.4175022
4500,152.9323602,-27.3033237
4501,152.9823835,-27.2838811
4502,152.9706122,-27.2651516
4503,152.9926352,-27.2508424
4504,152.9655318,-27.2015813
4505,152.9727474,-27.1544509
4506,152.9264759,-27.133839
4507,153.1325243,-26.9861003
4508,153.0206446,-27.1859323
4509,153.0265315,-27.2360306
4510,152.9518951,-27.0796844
4511,153.0834039,-27.066757
4512,152.8499952,-27.014804
4514,152.7779946,-26.9550035
4515,152.4973826,-26.789344
4516,152.9607727,-27.0367308
4517,153.0265315,-26.953469
4518,152.9323602,-26.9123315
4519,152.8970569,-26.8507005
4520,152.8676186,-27.37121
4521,152.8029443,-27.1352804
4550,152.9666291,-26.8000383
4551,153.1359352,-26.7977396
4552,152.7559043,-26.7346009
4553,153.0167101,-26.7664958
4554,152.9617842,-26.7280729
4555,152.9559142,-26.6934868
4556,153.0500809,-26.6971583
4557,153.1010891,-26.6990471
4558,153.0795213,-26.6541595
4559,152.9665872,-26.6667341
4560,152.9323602,-26.6077924
4561,152.9554676,-26.5626224
4562,152.908824,-26.4941369
4563,152.8852905,-26.4240134
4564,153.0795213,-26.6105931
4565,152.9912123,-26.303935
4566,153.0505806,-26.4134913
4567,153.1018054,-26.4065351
4568,152.8559985,-26.3629933
4569,152.8088251,-26.3376411
4570,152.6705427,-26.1882554
4571,152.8747229,-26.2633136
4572,153.1045489,-26.6715056
4573,153.0879644,-26.5394151
4574,152.7794229,-26.5872796
4575,153.1300249,-26.7230355
4580,153.0618566,-26.0346017
4581,153.1560853,-25.2663148
4600,152.215754,-26.1229125
4601,152.0666213,-26.1833489
4605,151.8409214,-26.1309297
4606,151.8175207,-26.277494
4608,151.7473377,-26.3706839
4610,151.84313,-26.5397645
4611,151.7513469,-26.1555562
4612,151.6931283,-26.1759151
4613,151.6024678,-26.1648642
4614,151.9774802,-26.8392162
4615,152.0048138,-26.6635867
4620,152.3095833,-25.6207597
4621,152.0282394,-25.4760129
4625,151.6070583,-25.6051205
4626,151.0471355,-25.8311568
4627,151.1215391,-25.3721972
4630,151.1241149,-24.8662907
4650,152.695998,-25.5350235
4655,152.8235456,-25.2965245
4659,152.6148504,-25.2686005
4660,152.3095833,-25.1854347
4662,152.5952794,-25.3472258
4670,152.3593807,-24.8822309
4671,151.9554405,-24.9910749
4673,152.0516681,-24.7197
4674,151.9345555,-24.5002555
4676,151.6538052,-24.6172263
4677,151.5580962,-24.3287726
4678,151.6244968,-24.0837943
4680,151.2463137,-23.8783576
4694,151.1170184,-23.7919288
4695,150.9783868,-23.810368
4697,150.7911697,-23.8116708
4699,150.6285091,-23.6268212
4700,150.5004652,-23.3762489
4701,150.5501151,-23.3500536
4702,149.3303348,-23.6457869
4703,150.7333257,-23.1334578
4704,150.361674,-23.129409
4705,149.1960526,-22.5108293
4706,149.7487272,-22.6263321
4707,149.5358038,-22.3455275
4709,148.343171,-23.0351671
4710,150.8260487,-23.2673695
4711,150.5064931,-23.276056
4712,149.6727487,-23.7177729
4713,149.4567101,-24.1327416
4714,150.3965401,-23.6436045
4715,150.3037323,-24.6360972
4716,150.5747799,-24.4872826
4717,148.8799357,-23.5831866
4718,149.9744783,-24.5729805
4719,150.1184797,-25.1114621
4720,147.5532762,-24.0139022
4721,147.6290138,-22.8318768
4722,148.0873152,-24.1146499
4723,148.0242583,-23.0806588
4724,146.6333144,-23.6500118
4725,145.3143491,-23.7152324
4726,145.242794,-22.9708603
4727,144.5218074,-23.5933447
4728,145.9746196,-23.2580471
4730,143.2180495,-23.8164969
4731,144.2593118,-24.4286407
4732,144.5478689,-22.5944511
4733,143.2180495,-22.1870756
4735,141.7258239,-23.3216584
4736,143.2180495,-25.118917
4737,149.2167555,-21.4226027
4738,149.2420166,-21.62205
4739,149.3339956,-21.8119895
4740,149.1271385,-21.1499948
4741,148.8744888,-21.0486737
4742,148.4629997,-21.6738504
4743,148.1144193,-21.3539003
4744,147.825395,-21.9614108
4745,148.2804541,-22.4848385
4746,148.6983715,-22.8139627
4750,149.1443634,-21.0306595
4751,149.0556384,-21.1629333
4753,148.9512029,-21.1463311
4754,148.8382733,-21.2242265
4756,148.577239,-21.1234579
4757,148.5086818,-21.2156464
4798,148.7717042,-20.8119331
4799,148.6236338,-20.6881443
4800,148.5807213,-20.4049878
4802,148.7169163,-20.2674989
4804,147.8443629,-20.5530661
4805,151.700565,-22.5822615
4806,147.3722545,-19.9245624
4807,147.1464245,-19.9200364
4808,147.3559601,-19.5553717
4809,147.1399099,-19.5702853
4810,147.0379125,-19.35682
4811,146.8198691,-19.360968
4812,146.7917682,-19.2873647
4813,NA,NA
4814,146.7552341,-19.2878252
4815,146.7244769,-19.3884456
4816,145.1375834,-21.1851758
4817,146.6060735,-19.3321474
4818,146.5168094,-19.2049974
4819,146.8451379,-19.1547801
4820,146.2585756,-20.0762578
4821,144.1997353,-20.8464738
4822,143.045893,-20.031224
4823,141.6834275,-20.975595
4824,140.3481835,-19.9853306
4825,138.3988186,-20.6905688
4828,138.1213302,-19.9206858
4829,139.6911374,-23.5827727
4830,138.8799972,-17.5800577
4849,146.1588712,-18.3022077
4850,146.1622593,-18.6498411
4852,146.0972186,-17.8666147
4854,145.8023118,-17.983313
4855,146.0000983,-17.8000401
4856,145.8913207,-17.753872
4857,146.0208179,-17.7470929
4858,146.0702738,-17.5833191
4859,145.9955686,-17.5972126
4860,146.0278258,-17.5226829
4861,145.9275759,-17.3407399
4865,145.7847472,-17.0923129
4868,145.7464633,-16.9678678
4869,145.7448496,-17.0187557
4870,145.7405497,-16.918648
4871,143.2244216,-18.5471467
4872,144.9611836,-18.0178418
4873,145.2701235,-16.2446478
4874,141.8707759,-12.6318718
4875,142.2193697,-10.5799693
4876,142.369048,-10.8500975
4877,145.4652682,-16.5257098
4878,145.6908596,-16.8314187
4879,145.6717627,-16.7705777
4880,145.3585972,-16.9941129
4881,145.6333317,-16.8167422
4882,145.4517071,-17.2031744
4883,145.4858493,-17.2661339
4884,145.5830739,-17.2711364
4885,145.5936206,-17.3535838
4886,145.6023644,-17.5121402
4887,145.093449,-17.4318581
4888,145.4471613,-17.5839985
4890,141.1794546,-17.5123583
4891,140.8768541,-17.4912391
4892,143.3906074,-15.2903067
4895,145.3186989,-15.9452239
5000,138.6038129,-34.9328294
5001,138.5955172,-34.9219463
5005,138.6062277,-34.920603
5006,138.5962997,-34.9091145
5007,138.571263,-34.9033293
5008,138.5637543,-34.8887724
5009,138.5512419,-34.8950354
5010,138.5637543,-34.86129409999999
5011,138.5337293,-34.8854877
5012,138.5437358,-34.8621629
5013,138.5437358,-34.8438433
5014,138.5137217,-34.8680352
5015,138.5037206,-34.8455742
5016,138.4937213,-34.8231111
5017,138.4937213,-34.8047928
5018,138.4937213,-34.7773088
5019,138.4812248,-34.8476837
5020,138.4862231,-34.86349
5021,138.496221,-34.8722171
5022,138.496221,-34.9042495
5023,138.5137217,-34.8954981
5024,138.5137217,-34.9229531
5025,138.5362308,-34.9117
5031,138.5662571,-34.92414600000001
5032,138.5437358,-34.9262534
5033,138.5612516,-34.9403794
5034,138.5912914,-34.9528246
5035,138.5762695,-34.9511792
5037,138.5512419,-34.9545329
5038,138.5537441,-34.9670082
5039,138.5737662,-34.9844595
5040,138.5312279,-34.9645281
5041,138.5937955,-34.9836086
5042,138.5837799,-35.0069082
5043,138.5537441,-34.9944528
5044,138.5262256,-34.9944627
5045,138.5162223,-34.97659110000001
5046,138.5437358,-35.008591
5047,138.5537441,-35.0310331
5048,138.5237246,-35.0185675
5049,138.5237246,-35.0459889
5050,138.5837799,-35.025203
5051,138.623853,-35.0326583
5052,138.6439004,-35.004348
5061,138.6063175,-34.9544679
5062,138.6338758,-34.9818924
5063,138.6213476,-34.9515307
5064,138.6439004,-34.9585672
5065,138.6439004,-34.9402486
5066,138.663955,-34.9485341
5067,138.6313699,-34.9236189
5068,138.6564337,-34.9202316
5069,138.6263585,-34.90780549999999
5070,138.6413941,-34.8956922
5071,NA,NA
5072,138.7040858,-34.9101042
5073,138.6815087,-34.8939181
5074,138.6714773,-34.8806117
5075,138.6764928,-34.8689266
5076,138.7040858,-34.873423
5081,138.6163371,-34.8899195
5082,138.5937955,-34.8828879
5083,138.6113271,-34.8786853
5084,138.5937955,-34.8553998
5085,138.613832,-34.854518
5086,138.6413941,-34.8590277
5087,138.6464068,-34.8702649
5088,138.6714773,-34.8531022
5089,138.7342029,-34.8491256
5090,138.6965591,-34.8450957
5091,138.7342029,-34.8215901
5092,138.6840168,-34.8192845
5093,138.6614478,-34.8352083
5094,138.56876,-34.8038009
5095,138.613832,-34.8178472
5096,138.6539268,-34.8068805
5097,138.7040858,-34.8183744
5098,138.6413941,-34.8315199
5106,138.6363818,-34.79276249999999
5107,138.613832,-34.7811623
5108,138.6288642,-34.75525349999999
5109,138.673985,-34.7692638
5110,138.56876,-34.7304381
5111,138.6288642,-34.7185389
5112,138.673985,-34.7325385
5113,138.673985,-34.7049853
5114,138.7794089,-34.7161335
5115,138.6890334,-34.6514466
5116,138.7241621,-34.6336951
5117,138.6539268,-34.6416029
5118,138.739224,-34.5892749
5120,138.5287267,-34.6588375
5121,138.6288642,-34.6634406
5125,138.7241621,-34.7715516
5126,138.7266721,-34.7978361
5127,138.686525,-34.7996704
5131,138.76936,-34.7947178
5132,138.7743842,-34.84728940000001
5133,138.7944857,-34.800439
5134,138.7492675,-34.8966143
5136,138.7442455,-34.9174787
5137,138.7442455,-34.93581959999999
5138,138.7743842,-34.929881
5139,138.8045391,-34.9239285
5140,138.7015768,-34.9526096
5141,138.7040858,-34.9376057
5142,138.7417347,-34.9599982
5144,138.7743842,-34.966565
5150,138.6714773,-34.9676719
5151,138.7316925,-34.978774
5152,138.7091042,-34.9900747
5153,138.7794089,-35.08318
5154,138.7442455,-35.0183091
5155,138.7643362,-34.99909720000001
5156,138.6940504,-35.0250749
5157,138.6589406,-35.0700533
5158,138.5337293,-35.0684234
5159,138.5887875,-35.0684302
5160,138.4937213,-35.106587
5161,138.5337293,-35.0958327
5162,138.5437358,-35.118261
5163,138.56876,-35.1332262
5164,138.496221,-35.12816919999999
5165,138.476227,-35.1335313
5166,138.476227,-35.1198409
5167,138.4737282,-35.1530214
5168,138.5012206,-35.1621961
5169,138.4837239,-35.1936786
5170,138.4837239,-35.2301549
5171,138.5387323,-35.2029084
5172,138.5787728,-35.2925472
5173,138.4737282,-35.2806692
5174,138.4887224,-35.3370306
5201,138.6990679,-35.2329394
5202,138.4987208,-35.4049348
5203,138.3389644,-35.5560092
5204,138.1995591,-35.5878122
5210,138.6288642,-35.3589696
5211,138.5187229,-35.5042622
5212,138.6689697,-35.5032052
5213,138.7091042,-35.4834441
5214,138.8397403,-35.4919667
5220,137.2557429,-35.7822614
5221,137.7538931,-35.7676396
5222,137.9614096,-35.775644
5223,137.058302,-35.8495682
5231,138.8598651,-34.7490901
5232,138.8296806,-34.8562147
5233,138.8900659,-34.8074268
5234,138.9706803,-34.821959
5235,139.1019233,-34.7002931
5236,139.0615086,-34.8681641
5237,139.2233389,-34.786338
5238,139.609512,-34.8860063
5240,138.8246514,-34.9138333
5241,138.8699303,-34.9094528
5242,138.8095665,-34.9764499
5243,138.8498018,-34.9746306
5244,138.9404364,-34.92913100000001
5245,138.8095665,-35.0314617
5246,NA,NA
5250,138.8648975,-35.0404491
5251,138.9001364,-35.0961731
5252,138.9706803,-35.0425171
5253,139.4872858,-35.0218395
5254,139.1625989,-35.0380696
5255,139.0009403,-35.2657984
5256,139.0211225,-35.4388004
5260,139.5076392,-35.3064118
5261,139.7319925,-35.5620717
5262,140.8872648,-36.8261652
5263,140.8248263,-37.294215
5264,139.4872858,-35.9032413
5265,139.7319925,-35.7090259
5266,139.9366899,-36.0477628
5267,140.4308159,-36.0969888
5268,140.8040271,-36.4269352
5269,140.9080913,-36.3754344
5270,140.5549719,-36.4029199
5271,140.5964124,-36.8947607
5272,140.265662,-37.199509
5273,140.1420882,-36.9687089
5275,140.1009527,-36.697806
5276,139.9777136,-37.2644147
5277,140.8040271,-37.3768832
5278,140.700134,-37.5715319
5279,140.5549719,-37.5682107
5280,140.265662,-37.4887446
5290,140.7712393,-37.8256039
5291,140.7091777,-37.95518149999999
5301,140.1009527,-35.5247462
5302,140.5964124,-35.7191587
5303,140.7208989,-35.2849868
5304,140.8872648,-35.125203
5306,139.7319925,-35.119745
5307,139.9777136,-35.1433044
5308,139.9777136,-34.7722978
5309,140.265662,-34.996704
5310,140.3069088,-34.6774727
5311,140.7624493,-34.5909184
5320,139.4466005,-33.9294188
5321,139.7933279,-34.0848077
5322,139.8854497,-34.1302474
5330,140.1009527,-34.0363353
5331,140.3172249,-34.2231267
5332,140.2862819,-34.35170069999999
5333,140.4721736,-34.5170872
5340,140.8872648,-34.1492214
5341,140.5964124,-33.7748397
5342,140.5756887,-34.2003327
5343,140.534262,-34.3722813
5344,140.5446161,-34.2730065
5345,140.4514913,-34.2654444
5346,140.4153139,-34.2374624
5350,138.8347102,-34.5777151
5351,138.9202828,-34.6448853
5352,138.9404364,-34.56091079999999
5353,139.3247147,-34.5869221
5354,139.6503106,-34.5686036
5355,139.0211225,-34.44595750000001
5356,139.2435998,-34.4061799
5357,139.6503106,-34.4199277
5360,138.9102087,-34.4471113
5371,138.7492675,-34.4921044
5372,138.8196226,-34.4378904
5373,138.9202828,-34.275645
5374,139.284143,-34.1626435
5381,139.0817124,-33.8956642
5400,138.6589406,-34.4458725
5401,138.6589406,-34.2615181
5410,138.739224,-34.3312582
5411,138.76936,-34.2604738
5412,138.739224,-34.1465459
5413,138.9202828,-34.1275602
5414,138.8196226,-33.9941359
5415,138.7794089,-33.9036859
5416,138.7794089,-33.8294999
5417,139.8547266,-33.4148756
5418,139.1625989,-33.4058554
5419,139.0009403,-33.3414846
5420,138.8397403,-33.2023242
5421,139.0211225,-33.1438506
5422,138.9605972,-32.8387684
5431,138.6388879,-32.7105779
5432,138.9605972,-31.9350261
5433,138.1597946,-32.3680906
5434,138.558749,-31.701689
5440,140.3481835,-31.3172034
5451,138.6589406,-34.039841
5452,138.6489134,-33.9710045
5453,138.598804,-33.8487592
5454,138.598804,-33.4777612
5455,138.6589406,-33.7064182
5460,138.5387323,-34.2859564
5461,138.4387577,-34.0789018
5462,138.4587382,-33.8470065
5464,138.3589086,-33.6765832
5470,138.4987208,-33.5670227
5471,138.4587382,-33.476513
5472,138.4187846,-33.3859808
5473,138.37886,-33.2582737
5480,138.37886,-33.07232
5481,138.1995591,-33.01787
5482,138.3589086,-32.8593312
5483,138.1796732,-32.8051307
5485,138.1200592,-32.6132039
5490,138.4587382,-33.1791929
5491,138.598804,-33.180034
5493,138.7442455,-33.0286337
5495,138.0208484,-32.8889644
5501,138.3589086,-34.4875437
5502,138.5187229,-34.4801861
5510,138.1399232,-33.936977
5520,138.1995591,-33.8326543
5521,138.2194523,-33.5267674
5522,137.9020367,-33.6538303
5523,138.1200592,-33.3562876
5540,138.1200592,-33.2080635
5550,138.1995591,-34.2009379
5552,137.9614096,-34.1015997
5554,137.7243139,-34.0020113
5555,137.8032284,-33.8149381
5556,137.6553601,-33.890435600000004
5558,137.625836,-34.1251832
5560,138.0406759,-33.9141345
5570,137.9416114,-34.2583548
5571,137.8822604,-34.3615548
5572,137.7834888,-34.2284298
5573,137.6455169,-34.407519
5575,137.5668376,-34.8106597
5576,137.5668376,-35.0282251
5577,137.2533007,-35.0373927
5580,137.7834888,-34.666651
5581,137.8328517,-34.7513478
5582,137.7736217,-34.8899072
5583,137.7144578,-35.0643264
5600,136.9028375,-32.882929
5601,137.5864964,-32.9317056
5602,136.9028375,-33.4690808
5603,136.2474381,-33.8733858
5604,136.3049196,-34.0614409
5605,136.018188,-34.4192193
5606,135.8564576,-34.7307511
5607,135.6763443,-34.6576031
5608,137.5324525,-33.0338321
5609,137.7243139,-32.822392
5630,135.6574246,-34.4169609
5631,135.7142063,-34.2818276
5632,135.5629394,-34.0698315
5633,135.7900209,-33.5972924
5640,136.400872,-33.5787333
5641,136.1326778,-32.9883959
5642,136.1326778,-33.5692877
5650,135.7900209,-33.2360098
5651,135.5629394,-33.1344164
5652,135.4121561,-33.0665995
5653,135.2618568,-32.9265818
5654,134.9253354,-32.9497718
5655,135.2243578,-32.4398005
5660,134.6630541,-32.5989662
5661,134.6630541,-32.3815251
5670,135.1494505,-33.48688570000001
5671,134.5878439,-33.0665995
5680,134.3236557,-32.2048282
5690,131.9196471,-30.1519003
5700,137.8624914,-32.6009669
5701,137.9812152,-32.5751942
5710,137.872375,-32.5027232
5713,137.6061625,-31.6199443
5715,137.2923893,-32.383461
5717,135.9039689,-31.9390427
5719,134.0960311,-30.1698856
5720,136.670534,-30.0410068
5722,137.2142417,-30.6369733
5723,135.2993862,-28.7292604
5724,133.329466,-27.3285209
5725,136.7478493,-30.4464984
5730,138.2393528,-30.9716152
5731,140.3481835,-28.8338937
5732,139.2030851,-30.73599159999999
5733,138.3988186,-28.1327889
5734,136.516262,-26.8146446
5800,NA,NA
5810,NA,NA
5839,NA,NA
5860,NA,NA
5861,NA,NA
5862,NA,NA
5863,NA,NA
5864,NA,NA
5865,NA,NA
5866,NA,NA
5867,NA,NA
5868,NA,NA
5869,NA,NA
5870,NA,NA
5871,NA,NA
5872,NA,NA
5873,NA,NA
5874,NA,NA
5875,NA,NA
5876,NA,NA
5877,NA,NA
5878,NA,NA
5879,NA,NA
5880,NA,NA
5881,NA,NA
5882,NA,NA
5883,NA,NA
5884,NA,NA
5885,NA,NA
5886,NA,NA
5887,NA,NA
5888,NA,NA
5889,NA,NA
5890,NA,NA
5891,NA,NA
5892,NA,NA
5893,NA,NA
5894,NA,NA
5895,NA,NA
5896,NA,NA
5897,NA,NA
5898,NA,NA
5899,NA,NA
5900,NA,NA
5901,NA,NA
5902,NA,NA
5903,NA,NA
5904,NA,NA
5920,NA,NA
5942,NA,NA
5950,138.5237246,-34.9454042
5960,138.5237246,-34.7897423
6000,115.8610488,-31.9525739
6001,NA,NA
6003,115.8588307,-31.9470932
6004,115.8787926,-31.9540106
6005,115.8373885,-31.9577214
6006,115.8551339,-31.9273539
6007,115.8373885,-31.9365146
6008,115.8137261,-31.9575626
6009,115.8107681,-31.9820615
6010,115.7752703,-31.9685608
6011,115.7604781,-31.9956284
6012,115.7634366,-32.0135412
6014,115.8018941,-31.9389216
6015,115.7634366,-31.9393057
6016,115.8373885,-31.92060699999999
6017,115.8107681,-31.9078253
6018,115.7871034,-31.8917374
6019,115.7634366,-31.896864
6020,115.7516025,-31.825112
6021,115.8107681,-31.8759953
6022,115.8137261,-31.8514757
6023,115.7752703,-31.8306124
6024,115.8107681,-31.8335417
6025,115.7456852,-31.7998382
6026,115.798936,-31.8042538
6027,115.7693535,-31.752231
6028,115.7279326,-31.7239719
6029,115.7604781,-31.87362389999999
6030,115.7220148,-31.6986683
6031,115.7693535,-31.6884631
6032,115.7693535,-31.6459321
6033,115.7160969,-31.5988865
6034,115.6687491,-31.5877637
6035,115.7338502,-31.536528
6036,115.692424,-31.6465364
6037,115.6273131,-31.4847915
6038,115.6805868,-31.6171563
6041,115.5917918,-31.3537325
6042,115.4615092,-31.2638905
6043,115.4496624,-31.1701738
6044,115.3548713,-30.9330772
6050,115.8699209,-31.9267875
6051,115.9024493,-31.938255
6052,115.884707,-31.915616
6053,115.9172336,-31.9164799
6054,115.9408868,-31.9007183
6055,115.9822747,-31.8545729
6056,116.0532101,-31.8602523
6057,116.0118335,-31.948787
6058,116.0000104,-31.9831525
6059,115.8699209,-31.8843665
6060,115.8462613,-31.9001174
6061,115.8462613,-31.8682916
6062,115.9054062,-31.88724839999999
6063,115.9408868,-31.8689096
6064,115.8462613,-31.8364571
6065,115.816684,-31.763241
6066,115.8935783,-31.836786
6067,115.9054062,-31.8129911
6068,115.9349737,-31.8224687
6069,116.005922,-31.7645555
6070,116.0827607,-31.9226334
6071,116.1004894,-31.8922583
6072,116.1329888,-31.9142343
6073,116.165484,-31.9256022
6074,116.2540856,-31.9747933
6076,116.1595761,-31.9956933
6077,115.8640062,-31.7529847
6078,115.8285153,-31.6012588
6079,115.9231471,-31.7507557
6081,116.1477598,-31.8606768
6082,116.3131356,-31.739438
6083,116.2068354,-31.7311075
6084,116.0886704,-31.5660082
6090,115.8965353,-31.8600127
6100,115.8965353,-31.9660425
6101,115.9083631,-31.9846562
6102,115.9083631,-32.0058457
6103,115.9201904,-31.9608819
6104,115.9290605,-31.9456987
6105,115.9586253,-31.9657302
6106,115.9497562,-31.991505
6107,115.9645378,-32.0121014
6108,115.9527126,-32.0570426
6109,116.0118335,-32.0440832
6110,116.0295671,-32.07722580000001
6111,116.1832068,-32.1384821
6112,116.005922,-32.1670352
6121,115.9231471,-32.216928
6122,116.0650307,-32.2702417
6123,116.0000104,-32.2898615
6124,116.1595761,-32.3759261
6125,115.9704503,-32.3755625
6126,116.0295671,-32.4363721
6147,115.9261038,-32.0443356
6148,115.8965353,-32.0349098
6149,115.8580914,-32.0671284
6150,115.8373885,-32.0584003
6151,115.8699209,-31.9797919
6152,115.8699209,-32.0115829
6153,115.8433037,-32.0253285
6154,115.8255575,-32.0397876
6155,115.91132,-32.0819784
6156,115.8018941,-32.0396369
6157,115.7841452,-32.0381954
6158,115.7663951,-32.0367504
6159,115.7486438,-32.0353019
6160,115.7604781,-32.0539328
6161,115.5148137,-32.0035186
6162,115.7663951,-32.068544
6163,115.7930198,-32.0865957
6164,115.8640062,-32.1346584
6165,115.798936,-32.1964799
6166,115.7871034,-32.146131
6167,115.8403461,-32.2244737
6168,115.7693535,-32.2822732
6169,115.7693535,-32.32457
6170,115.8107681,-32.2679505
6171,115.8285153,-32.3222184
6172,115.7516025,-32.3760083
6173,115.7634366,-32.4051251
6174,115.7634366,-32.4262528
6175,115.754561,-32.4466752
6176,115.7930198,-32.4250674
6180,115.7752703,-32.4764663
6181,115.798936,-32.492398
6182,115.8403461,-32.4358225
6207,116.0650307,-32.5233883
6208,115.8048521,-32.6440296
6209,115.7930198,-32.5517284
6210,115.7220148,-32.5461633
6211,115.6509915,-32.7093444
6213,116.0886704,-32.6655306
6214,115.7811869,-32.7545745
6215,115.8994923,-32.8757647
6218,115.8640062,-32.9571735
6220,116.0886704,-33.0016541
6221,115.9704503,-33.1748078
6223,115.8403461,-33.1723075
6224,115.8640062,-33.229939
6225,116.2777073,-33.3775705
6226,115.8640062,-33.292782
6227,115.816684,-33.3242404
6228,115.7693535,-33.3347411
6229,115.7160969,-33.35176879999999
6230,115.6273131,-33.3870825
6231,NA,NA
6232,115.7279326,-33.3072511
6233,115.7338502,-33.1853877
6236,115.8758354,-33.4470807
6237,115.6865054,-33.4891504
6239,115.8758354,-33.6142021
6240,115.9586253,-33.5434759
6243,116.1595761,-33.7170631
6244,116.5137964,-33.8646057
6251,115.8758354,-33.6976567
6252,115.9586253,-33.7520336
6253,115.9704503,-33.8014415
6254,116.0532101,-33.8556029
6255,116.2777073,-33.8773133
6256,116.1832068,-34.0649274
6258,116.5137964,-34.3611727
6260,115.8048521,-34.3994251
6262,116.1359431,-34.6134577
6271,115.5799503,-33.58590420000001
6275,115.7575196,-34.0365179
6280,115.3311689,-33.7555447
6281,115.0821842,-33.6107557
6282,115.0584612,-33.6996977
6284,115.3074646,-33.8652006
6285,115.3311689,-34.0060747
6286,115.0703229,-34.0838725
6288,115.2126293,-34.1779168
6290,115.1177654,-34.2819216
6302,116.5137964,-32.022557
6304,116.9381434,-32.1371569
6306,117.1264753,-32.3458877
6308,116.702495,-32.653153
6309,117.1500048,-32.6546084
6311,117.0323305,-32.7865286
6312,117.4086488,-32.9486659
6313,117.2205771,-33.0763386
6315,117.2676116,-33.3563263
6316,117.4086488,-33.5301361
6317,117.6904167,-33.6278441
6318,117.5965403,-33.8981179
6320,117.6904167,-34.1222453
6321,117.5026174,-34.2500507
6322,117.4321452,-34.4108131
6323,117.5730639,-34.458602
6324,117.6904167,-34.6140779
6326,117.6904167,-34.777437
6327,117.6200138,-34.8966944
6328,118.5797981,-34.5142501
6330,117.8780275,-34.9754734
6331,NA,NA
6332,NA,NA
6333,117.0794082,-34.8849782
6335,118.0654445,-33.9480602
6336,118.3929417,-33.9076796
6337,119.13906420000001,-33.8817547
6338,118.2058768,-34.2820735
6341,118.2058768,-33.6254623
6343,118.8596804,-33.5438705
6346,119.9740534,-33.5815102
6348,120.0202964,-33.8539054
6350,117.784246,-33.2742226
6351,117.9014654,-33.1836961
6352,118.1590786,-33.2656807
6353,118.5797981,-33.0376774
6355,119.13906420000001,-33.0617524
6356,119.8815203,-33.0339405
6357,118.8130675,-32.6899741
6358,118.7198004,-32.3814744
6359,119.5107708,-32.4719729
6361,117.8076959,-32.9574093
6363,118.2526623,-32.8286246
6365,118.0186087,-32.6778514
6367,118.3929417,-32.4203845
6368,118.4396756,-32.2007639
6369,118.9528645,-32.1158025
6370,117.6904167,-32.7983677
6372,117.6200138,-32.6275771
6373,117.784246,-32.5258694
6375,117.8780275,-32.3364811
6383,117.4556388,-31.9754952
6384,117.666952,-32.0308551
6385,117.7138785,-31.9359005
6386,117.8780275,-32.0018432
6390,116.3249438,-32.9066317
6391,116.749645,-33.019094
6392,116.749645,-33.3528239
6393,116.7260713,-33.5455356
6394,116.89103420000001,-33.7768625
6395,117.0794082,-34.0632655
6396,116.9381434,-34.3028954
6397,116.9381434,-34.6318818
6398,116.6553351,-34.7808363
6401,116.749645,-31.50445849999999
6403,116.8203511,-31.636653
6405,117.0323305,-31.69417319999999
6407,117.2205771,-31.5666837
6409,117.5026174,-31.585917
6410,117.6904167,-31.6263077
6411,117.8545867,-31.6087379
6412,117.9483319,-31.4183912
6413,118.0888578,-31.5112285
6414,118.1824793,-31.5309101
6415,118.3461948,-31.6384222
6418,118.1590786,-31.8509547
6419,118.1356748,-32.04486140000001
6420,118.626479,-31.8213678
6421,118.4396756,-31.3643106
6422,118.6031402,-31.3458122
6423,118.7198004,-31.1287561
6424,118.9062794,-31.334757
6425,119.13906420000001,-31.4027869
6426,119.6035495,-31.3699826
6427,119.5571677,-30.8389198
6428,118.0420282,-32.1509632
6429,120.5279096,-30.9666494
6430,121.4570447,-30.7519667
6431,125.5657862,-29.5392065
6432,121.4970294,-30.7876854
6433,NA,NA
6434,125.5657862,-30.8258207
6436,120.5279096,-29.631406
6437,120.7120023,-28.0704266
6438,121.4456179,-28.2233578
6440,123.7964613,-27.7662558
6442,121.6511258,-31.2249828
6443,124.1531947,-31.9046219
6445,121.0793705,-32.9568811
6446,121.7195459,-33.1836614
6447,122.2653887,-33.3496919
6448,121.856261,-33.5881933
6450,122.2653887,-33.6707296
6452,123.258793,-32.9767077
6460,116.8439147,-31.22897949999999
6461,117.0323305,-31.101742
6462,117.1970557,-31.1703735
6463,117.2911248,-31.1065839
6465,117.2205771,-30.8894561
6466,117.1264753,-30.740808
6467,117.1264753,-30.5706562
6468,117.2676116,-29.9848066
6470,117.3146351,-30.358065
6472,118.0186087,-29.9849684
6473,118.1590786,-30.4190776
6475,117.4556388,-30.6237919
6476,117.6904167,-30.6972794
6477,117.9717606,-30.8013241
6479,118.3929417,-30.5755153
6480,118.2760503,-31.29853679999999
6484,119.5107708,-30.4733405
6485,117.4086488,-31.1854805
6487,117.666952,-31.1892076
6488,117.784246,-31.1830048
6489,117.9717606,-31.0547264
6490,118.2526623,-31.1569039
6501,115.9231471,-31.5382441
6502,116.1832068,-31.2902068
6503,115.7575196,-31.1689573
6504,116.0768508,-31.3027216
6505,116.1595761,-31.1462869
6506,116.0177448,-31.0063551
6507,115.5681084,-30.6953762
6509,116.2777073,-30.9287066
6510,116.0886704,-30.7132852
6511,115.0762536,-30.5017292
6512,115.9940986,-30.3907885
6513,116.0886704,-30.1989775
6514,115.0228736,-30.01072379999999
6515,116.1359431,-29.8880804
6516,115.1177654,-30.2938314
6517,115.8994923,-29.722497
6518,115.3785719,-29.873483
6519,115.5681084,-29.4887099
6521,115.3785719,-30.3910511
6522,115.5681084,-29.1421485
6525,115.0465991,-29.29061339999999
6528,114.8567482,-28.9800384
6530,113.8584737,-28.7776521
6531,NA,NA
6532,114.7142918,-26.9468463
6535,114.6192899,-28.2831844
6536,114.2390498,-27.4756012
6537,113.5728501,-25.732342
6556,116.3485586,-31.9538218
6558,116.3131356,-31.8029829
6560,116.3603652,-31.7501607
6562,116.4429944,-31.8058901
6564,116.5196956,-31.7094264
6566,116.4665975,-31.5676669
6567,116.2777073,-31.4396177
6568,116.5609857,-31.2921086
6569,116.3957812,-31.0946851
6571,116.4429944,-30.9139217
6572,116.3957812,-30.7962969
6574,116.3957812,-30.625484
6575,116.3721711,-30.3953738
6603,116.749645,-30.91013359999999
6605,116.8439147,-30.7189059
6606,116.749645,-30.5692861
6608,116.749645,-30.3985386
6609,116.6553351,-30.2482196
6612,117.3616476,-29.193466
6613,116.5845767,-29.9852088
6614,116.5845767,-29.85651489999999
6616,116.5609857,-29.75426819999999
6620,116.702495,-29.2508071
6623,116.1359431,-29.1982083
6625,115.8048521,-29.2236551
6627,115.9940986,-28.8381495
6628,115.8048521,-28.7902141
6630,115.8521764,-26.7303217
6631,115.9467997,-28.5441687
6632,115.2363408,-28.6436587
6635,116.6081653,-27.9739063
6638,118.1122679,-28.3404414
6639,119.0459927,-28.6401506
6640,117.7373373,-27.043083
6642,119.0459927,-25.2069933
6646,122.3560952,-25.4700453
6701,114.524264,-23.9673429
6705,116.0413889,-24.4080807
6710,115.094045,-21.9162671
6712,115.4022706,-20.7804342
6714,117.0794082,-20.967771
6716,116.6081653,-21.6633862
6718,117.1970557,-20.7505507
6720,117.2205771,-20.6370993
6721,118.5797981,-20.8780141
6722,119.13906420000001,-20.2571534
6725,122.7181375,-18.9833384
6726,122.2114952,-17.9521644
6728,125.5657862,-17.0965983
6731,NA,NA
6733,NA,NA
6740,126.2630846,-15.0377251
6743,127.6386622,-16.6687048
6751,117.5495846,-22.7235265
6753,119.7889248,-22.9798905
6754,117.7138785,-23.1953868
6758,120.3435506,-22.0063375
6760,119.9740534,-21.0487557
6762,123.7964613,-21.0976372
6765,124.7740793,-17.8264158
6770,127.9784585,-18.8198631
6798,NA,NA
6799,NA,NA
6800,NA,NA
6803,NA,NA
6809,NA,NA
6817,NA,NA
6820,NA,NA
6827,NA,NA
6830,NA,NA
6831,NA,NA
6832,NA,NA
6837,NA,NA
6838,NA,NA
6839,NA,NA
6840,NA,NA
6841,NA,NA
6842,NA,NA
6843,NA,NA
6844,NA,NA
6845,NA,NA
6846,NA,NA
6847,NA,NA
6848,NA,NA
6849,NA,NA
6850,NA,NA
6865,NA,NA
6872,NA,NA
6892,NA,NA
6900,NA,NA
6901,NA,NA
6902,NA,NA
6903,NA,NA
6904,NA,NA
6905,NA,NA
6906,NA,NA
6907,NA,NA
6909,NA,NA
6910,NA,NA
6911,NA,NA
6912,NA,NA
6913,NA,NA
6914,NA,NA
6915,NA,NA
6916,NA,NA
6917,NA,NA
6918,NA,NA
6919,NA,NA
6920,NA,NA
6921,NA,NA
6922,NA,NA
6923,NA,NA
6924,NA,NA
6925,NA,NA
6926,NA,NA
6929,NA,NA
6931,NA,NA
6932,NA,NA
6933,NA,NA
6934,NA,NA
6935,NA,NA
6936,NA,NA
6937,NA,NA
6938,NA,NA
6939,NA,NA
6940,NA,NA
6941,NA,NA
6942,NA,NA
6943,NA,NA
6944,NA,NA
6945,NA,NA
6946,NA,NA
6947,NA,NA
6951,NA,NA
6952,NA,NA
6953,NA,NA
6954,NA,NA
6955,NA,NA
6956,NA,NA
6957,NA,NA
6958,NA,NA
6959,NA,NA
6960,NA,NA
6961,NA,NA
6963,NA,NA
6964,NA,NA
6965,NA,NA
6966,NA,NA
6967,NA,NA
6968,NA,NA
6969,NA,NA
6970,NA,NA
6979,NA,NA
6980,NA,NA
6981,NA,NA
6982,NA,NA
6983,NA,NA
6984,NA,NA
6985,NA,NA
6986,NA,NA
6987,NA,NA
6988,NA,NA
6989,NA,NA
6990,NA,NA
6991,NA,NA
6992,NA,NA
6997,NA,NA
7000,147.3100401,-42.8744692
7001,NA,NA
7002,NA,NA
7004,147.2829703,-42.89549179999999
7005,147.3433797,-42.9148213
7006,NA,NA
7007,147.3230375,-42.9206944
7008,147.2858972,-42.8667403
7009,147.3008839,-42.8418713
7010,147.2556802,-42.8372769
7011,147.2330077,-42.7954134
7012,147.1788375,-42.8373287
7015,147.3550909,-42.8394367
7016,147.366961,-42.8037216
7017,147.3379482,-42.7007869
7018,147.3974377,-42.8727195
7019,147.4367555,-42.8951371
7020,147.4748606,-42.9517898
7021,147.4888173,-42.9042835
7022,147.4263497,-43.0329872
7023,147.4094671,-42.99288809999999
7024,147.5238773,-42.9500417
7025,147.4131838,-42.7346405
7026,147.4454484,-42.6170473
7027,147.3373288,-42.5433272
7030,147.0214014,-42.1876915
7050,147.2997708,-42.9553592
7051,NA,NA
7052,147.3203772,-43.0090716
7053,147.3427927,-42.9517774
7054,147.2181098,-42.8994454
7055,147.2961559,-43.001318
7109,146.8775919,-43.267535
7112,147.1092455,-43.1426974
7113,146.9848853,-43.0925056
7116,146.8904415,-43.1516532
7117,147.020751,-43.3040071
7119,147.3814688,-42.3909939
7120,147.592724,-42.3702085
7139,145.9779314,-42.8696112
7140,146.5885592,-42.5170721
7150,147.2679116,-43.3937074
7155,147.2260865,-43.1254976
7162,147.2140174,-43.1614802
7163,147.232389,-43.22724669999999
7170,147.4680759,-42.8507505
7171,147.5095172,-42.765277
7172,147.6082338,-42.7276445
7173,147.6846018,-42.8403868
7174,147.7685876,-42.8274145
7175,147.857553,-42.75695109999999
7176,147.791564,-42.7559134
7177,147.8054144,-42.8784013
7178,147.8939552,-42.9554818
7179,147.9278157,-42.9956989
7180,147.8701537,-43.0617175
7182,147.9243011,-43.1331509
7183,147.7748276,-43.1507595
7184,147.7373056,-43.1737113
7185,147.7583192,-43.0563133
7186,147.692903,-43.0208489
7187,147.8206282,-43.0808492
7190,147.8670095,-42.4174663
7209,147.6020553,-42.101126
7210,147.6479099,-41.9609817
7211,147.4289618,-41.7954517
7212,147.4572613,-41.5934307
7213,147.7878006,-41.8509077
7214,147.9465902,-41.5180471
7215,148.2278837,-41.6050056
7216,148.1277503,-41.2708866
7248,147.1446457,-41.3887982
7249,147.1575845,-41.4740678
7250,147.0977983,-41.45012
7252,147.061503,-41.08669250000001
7253,146.8934925,-41.0894117
7254,147.240896,-41.1251491
7255,148.052689,-39.9836386
7256,143.9370759,-39.87534770000001
7257,148.2014488,-40.3982432
7258,147.2437064,-41.5159459
7259,147.3862417,-41.3420719
7260,147.5014271,-41.1510634
7261,147.7357075,-41.1585814
7262,147.6155813,-40.9608794
7263,147.7111044,-41.29268769999999
7264,148.0537476,-41.0222132
7265,147.8064483,-41.0393927
7267,147.1333157,-41.2709385
7268,147.2408258,-41.2768005
7270,146.7530873,-41.19581609999999
7275,146.8739437,-41.3302463
7276,146.9660668,-41.27901629999999
7277,146.9726748,-41.3812198
7290,147.0610516,-41.5100237
7291,147.0184513,-41.54898420000001
7292,146.9135998,-41.4768372
7300,147.2320073,-41.627092
7301,147.0767717,-41.6061044
7302,147.0820343,-41.7808695
7303,146.8075069,-41.5574882
7304,146.5526657,-41.724668200000004
7305,146.4590156,-41.36691330000001
7306,146.0234118,-41.6653269
7307,146.5081573,-41.2301525
7310,146.2018576,-41.3586159
7315,146.1037444,-41.3068098
7316,145.9953725,-41.2131788
7320,145.8962992,-41.0701328
7321,145.2688105,-41.3706396
7322,145.7875622,-41.0574425
7325,145.6211457,-41.0680807
7330,144.9885732,-40.8894957
7331,145.2841706,-40.7578918
7466,145.6198335,-42.07996199999999
7467,145.5437939,-42.0785959
7468,145.4170575,-42.18283419999999
7469,145.1811765,-41.9147711
7470,145.5425955,-41.8041385
7800,NA,NA
7802,NA,NA
7803,NA,NA
7804,NA,NA
7805,NA,NA
7806,NA,NA
7807,NA,NA
7808,NA,NA
7809,NA,NA
7810,NA,NA
7811,NA,NA
7812,NA,NA
7813,NA,NA
7814,NA,NA
7823,NA,NA
7824,NA,NA
7827,NA,NA
7828,NA,NA
7829,NA,NA
7845,NA,NA
7850,NA,NA
7901,NA,NA
7902,NA,NA
7903,NA,NA
7904,NA,NA
7905,NA,NA
7906,NA,NA
7907,NA,NA
7908,NA,NA
7915,NA,NA
7916,NA,NA
7917,NA,NA
7918,NA,NA
7919,NA,NA
7920,NA,NA
7921,NA,NA
7922,NA,NA
7923,NA,NA
8001,NA,NA
8002,NA,NA
8003,NA,NA
8004,NA,NA
8005,NA,NA
8006,NA,NA
8007,NA,NA
8008,NA,NA
8009,NA,NA
8010,NA,NA
8011,NA,NA
8012,NA,NA
8045,NA,NA
8051,NA,NA
8060,NA,NA
8061,NA,NA
8066,NA,NA
8069,NA,NA
8070,NA,NA
8071,NA,NA
8102,NA,NA
8103,NA,NA
8107,NA,NA
8108,NA,NA
8111,NA,NA
8120,NA,NA
8205,NA,NA
8383,NA,NA
8386,NA,NA
8388,NA,NA
8390,NA,NA
8393,NA,NA
8394,NA,NA
8396,NA,NA
8399,NA,NA
8627,NA,NA
9000,NA,NA
9001,NA,NA
9002,NA,NA
9005,NA,NA
9007,NA,NA
9008,NA,NA
9009,NA,NA
9010,NA,NA
9013,NA,NA
9015,NA,NA
9016,NA,NA
9017,NA,NA
9018,NA,NA
9019,NA,NA
9020,NA,NA
9021,NA,NA
9022,NA,NA
9023,NA,NA
9464,NA,NA
9726,NA,NA
9943,NA,NA
9944,NA,NA
